DATE,DAY,ROLL_NO,STATUS,ABSENT_FLAG,PREVIOUS_ABSENCES,RECENT_5_DAY_ABSENCES,DAYS_SO_FAR,PRESENT_SO_FAR,ATTENDANCE_RATE_SO_FAR,IS_MONDAY,NEXT_DAY_ABSENT,NEXT_DATE,PREVIOUS_PRESENT,RECENT_3_DAY_ABSENCES,RECENT_10_DAY_ABSENCES,IS_FRIDAY,PREVIOUS_DAY_ABSENT
2026-07-01,WEDNESDAY,48,Present,0,0.0,0.0,0,46,0.0,0,0.0,2026-07-02,0.0,0.0,0.0,0,0.0
2026-07-02,THURSDAY,48,Present,0,0.0,0.0,1,46,100.0,0,0.0,2026-07-03,1.0,0.0,0.0,0,0.0
2026-07-03,FRIDAY,48,Present,0,0.0,0.0,2,46,100.0,0,0.0,2026-07-04,2.0,0.0,0.0,1,0.0
2026-07-04,SATURDAY,48,Present,0,0.0,0.0,3,46,100.0,0,0.0,2026-07-06,3.0,0.0,0.0,0,0.0
2026-07-06,MONDAY,48,Present,0,0.0,0.0,4,46,100.0,1,0.0,2026-07-07,4.0,0.0,0.0,0,0.0
2026-07-07,TUESDAY,48,Present,0,0.0,0.0,5,46,100.0,0,0.0,2026-07-08,5.0,0.0,0.0,0,0.0
2026-07-08,WEDNESDAY,48,Present,0,0.0,0.0,6,46,100.0,0,0.0,2026-07-09,6.0,0.0,0.0,0,0.0
2026-07-09,THURSDAY,48,Present,0,0.0,0.0,7,46,100.0,0,0.0,2026-07-10,7.0,0.0,0.0,0,0.0
2026-07-10,FRIDAY,48,Present,0,0.0,0.0,8,46,100.0,0,0.0,2026-07-13,8.0,0.0,0.0,1,0.0
2026-07-13,MONDAY,48,Present,0,0.0,0.0,9,46,100.0,1,0.0,2026-07-14,9.0,0.0,0.0,0,0.0
2026-07-14,TUESDAY,48,Present,0,0.0,0.0,10,46,100.0,0,0.0,2026-07-15,10.0,0.0,0.0,0,0.0
2026-07-15,WEDNESDAY,48,Present,0,0.0,0.0,11,46,100.0,0,0.0,2026-07-16,11.0,0.0,0.0,0,0.0
2026-07-16,THURSDAY,48,Present,0,0.0,0.0,12,46,100.0,0,1.0,2026-07-17,12.0,0.0,0.0,0,0.0
2026-07-17,FRIDAY,48,Absent,1,0.0,0.0,13,46,100.0,0,0.0,2026-07-20,13.0,0.0,0.0,1,0.0
2026-07-20,MONDAY,48,Present,0,1.0,1.0,14,46,92.85714285714286,1,0.0,2026-07-21,13.0,1.0,1.0,0,1.0
2026-07-21,TUESDAY,48,Present,0,1.0,1.0,15,46,93.33333333333333,0,0.0,2026-07-22,14.0,1.0,1.0,0,0.0
2026-07-22,WEDNESDAY,48,Present,0,1.0,1.0,16,46,93.75,0,0.0,2026-07-23,15.0,1.0,1.0,0,0.0
2026-07-23,THURSDAY,48,Present,0,1.0,1.0,17,46,94.11764705882352,0,0.0,2026-07-24,16.0,0.0,1.0,0,0.0
2026-07-24,FRIDAY,48,Present,0,1.0,1.0,18,46,94.44444444444444,0,0.0,2026-07-25,17.0,0.0,1.0,1,0.0
2026-07-25,SATURDAY,48,Present,0,1.0,0.0,19,46,94.73684210526315,0,1.0,2026-07-27,18.0,0.0,1.0,0,0.0
2026-07-27,MONDAY,48,Absent,1,1.0,0.0,20,46,95.0,1,0.0,2026-07-28,19.0,0.0,1.0,0,0.0
2026-07-28,TUESDAY,48,Present,0,2.0,1.0,21,46,90.47619047619048,0,1.0,2026-07-29,19.0,1.0,2.0,0,1.0
2026-07-29,WEDNESDAY,48,Absent,1,2.0,1.0,22,46,90.9090909090909,0,0.0,2026-07-30,20.0,1.0,2.0,0,0.0
2026-07-30,THURSDAY,48,Present,0,3.0,2.0,23,46,86.95652173913044,0,0.0,2026-07-31,20.0,2.0,3.0,0,1.0
2026-07-31,FRIDAY,48,Present,0,3.0,2.0,24,46,87.5,0,0.0,2026-08-03,21.0,1.0,2.0,1,0.0
2026-08-03,MONDAY,48,Present,0,3.0,2.0,25,46,88.0,1,0.0,2026-08-04,22.0,1.0,2.0,0,0.0
2026-08-04,TUESDAY,48,Present,0,3.0,1.0,26,46,88.46153846153845,0,0.0,2026-08-05,23.0,0.0,2.0,0,0.0
2026-08-05,WEDNESDAY,48,Present,0,3.0,1.0,27,46,88.88888888888889,0,0.0,2026-08-06,24.0,0.0,2.0,0,0.0
2026-08-06,THURSDAY,48,Present,0,3.0,0.0,28,46,89.28571428571429,0,0.0,2026-08-07,25.0,0.0,2.0,0,0.0
2026-08-07,FRIDAY,48,Present,0,3.0,0.0,29,46,89.65517241379311,0,0.0,2026-08-08,26.0,0.0,2.0,1,0.0
2026-08-08,SATURDAY,48,Present,0,3.0,0.0,30,46,90.0,0,0.0,2026-08-10,27.0,0.0,2.0,0,0.0
2026-08-10,MONDAY,48,Present,0,3.0,0.0,31,46,90.32258064516128,1,0.0,2026-08-11,28.0,0.0,1.0,0,0.0
2026-08-11,TUESDAY,48,Present,0,3.0,0.0,32,46,90.625,0,0.0,2026-08-12,29.0,0.0,1.0,0,0.0
2026-08-12,WEDNESDAY,48,Present,0,3.0,0.0,33,46,90.9090909090909,0,0.0,2026-08-13,30.0,0.0,0.0,0,0.0
2026-08-13,THURSDAY,48,Present,0,3.0,0.0,34,46,91.17647058823529,0,0.0,2026-08-14,31.0,0.0,0.0,0,0.0
2026-08-14,FRIDAY,48,Present,0,3.0,0.0,35,46,91.42857142857143,0,0.0,2026-08-17,32.0,0.0,0.0,1,0.0
2026-08-17,MONDAY,48,Present,0,3.0,0.0,36,46,91.66666666666666,1,0.0,2026-08-18,33.0,0.0,0.0,0,0.0
2026-08-18,TUESDAY,48,Present,0,3.0,0.0,37,46,91.8918918918919,0,0.0,2026-08-19,34.0,0.0,0.0,0,0.0
2026-08-19,WEDNESDAY,48,Present,0,3.0,0.0,38,46,92.10526315789474,0,0.0,2026-08-20,35.0,0.0,0.0,0,0.0
2026-08-20,THURSDAY,48,Present,0,3.0,0.0,39,46,92.3076923076923,0,0.0,2026-08-21,36.0,0.0,0.0,0,0.0
2026-08-21,FRIDAY,48,Present,0,3.0,0.0,40,46,92.5,0,0.0,2026-08-22,37.0,0.0,0.0,1,0.0
2026-08-22,SATURDAY,48,Present,0,3.0,0.0,41,46,92.6829268292683,0,1.0,2026-08-24,38.0,0.0,0.0,0,0.0
2026-08-24,MONDAY,48,Absent,1,3.0,0.0,42,46,92.85714285714286,1,0.0,2026-08-25,39.0,0.0,0.0,0,0.0
2026-08-25,TUESDAY,48,Present,0,4.0,1.0,43,46,90.69767441860465,0,0.0,2026-08-26,39.0,1.0,1.0,0,1.0
2026-08-26,WEDNESDAY,48,Present,0,4.0,1.0,44,46,90.9090909090909,0,0.0,2026-08-27,40.0,1.0,1.0,0,0.0
2026-08-27,THURSDAY,48,Present,0,4.0,1.0,45,46,91.11111111111111,0,0.0,2026-08-28,41.0,1.0,1.0,0,0.0
2026-08-28,FRIDAY,48,Present,0,4.0,1.0,46,46,91.30434782608695,0,0.0,2026-08-29,42.0,0.0,1.0,1,0.0
2026-08-29,SATURDAY,48,Present,0,4.0,1.0,47,46,91.48936170212765,0,0.0,2026-08-31,43.0,0.0,1.0,0,0.0
2026-08-31,MONDAY,48,Present,0,4.0,0.0,48,46,91.66666666666666,1,0.0,2026-09-01,44.0,0.0,1.0,0,0.0
2026-09-01,TUESDAY,48,Present,0,4.0,0.0,49,46,91.83673469387756,0,1.0,2026-09-02,45.0,0.0,1.0,0,0.0
2026-09-02,WEDNESDAY,48,Absent,1,4.0,0.0,50,46,92.0,0,0.0,2026-09-03,46.0,0.0,1.0,0,0.0
2026-09-03,THURSDAY,48,Present,0,5.0,1.0,51,46,90.19607843137256,0,,,46.0,1.0,2.0,0,1.0
2026-07-01,WEDNESDAY,49,Present,0,0.0,0.0,0,50,0.0,0,0.0,2026-07-02,0.0,0.0,0.0,0,0.0
2026-07-02,THURSDAY,49,Present,0,0.0,0.0,1,50,100.0,0,0.0,2026-07-03,1.0,0.0,0.0,0,0.0
2026-07-03,FRIDAY,49,Present,0,0.0,0.0,2,50,100.0,0,0.0,2026-07-04,2.0,0.0,0.0,1,0.0
2026-07-04,SATURDAY,49,Present,0,0.0,0.0,3,50,100.0,0,0.0,2026-07-06,3.0,0.0,0.0,0,0.0
2026-07-06,MONDAY,49,Present,0,0.0,0.0,4,50,100.0,1,0.0,2026-07-07,4.0,0.0,0.0,0,0.0
2026-07-07,TUESDAY,49,Present,0,0.0,0.0,5,50,100.0,0,0.0,2026-07-08,5.0,0.0,0.0,0,0.0
2026-07-08,WEDNESDAY,49,Present,0,0.0,0.0,6,50,100.0,0,0.0,2026-07-09,6.0,0.0,0.0,0,0.0
2026-07-09,THURSDAY,49,Present,0,0.0,0.0,7,50,100.0,0,0.0,2026-07-10,7.0,0.0,0.0,0,0.0
2026-07-10,FRIDAY,49,Present,0,0.0,0.0,8,50,100.0,0,0.0,2026-07-13,8.0,0.0,0.0,1,0.0
2026-07-13,MONDAY,49,Present,0,0.0,0.0,9,50,100.0,1,0.0,2026-07-14,9.0,0.0,0.0,0,0.0
2026-07-14,TUESDAY,49,Present,0,0.0,0.0,10,50,100.0,0,0.0,2026-07-15,10.0,0.0,0.0,0,0.0
2026-07-15,WEDNESDAY,49,Present,0,0.0,0.0,11,50,100.0,0,0.0,2026-07-16,11.0,0.0,0.0,0,0.0
2026-07-16,THURSDAY,49,Present,0,0.0,0.0,12,50,100.0,0,0.0,2026-07-17,12.0,0.0,0.0,0,0.0
2026-07-17,FRIDAY,49,Present,0,0.0,0.0,13,50,100.0,0,0.0,2026-07-20,13.0,0.0,0.0,1,0.0
2026-07-20,MONDAY,49,Present,0,0.0,0.0,14,50,100.0,1,0.0,2026-07-21,14.0,0.0,0.0,0,0.0
2026-07-21,TUESDAY,49,Present,0,0.0,0.0,15,50,100.0,0,0.0,2026-07-22,15.0,0.0,0.0,0,0.0
2026-07-22,WEDNESDAY,49,Present,0,0.0,0.0,16,50,100.0,0,1.0,2026-07-23,16.0,0.0,0.0,0,0.0
2026-07-23,THURSDAY,49,Absent,1,0.0,0.0,17,50,100.0,0,0.0,2026-07-24,17.0,0.0,0.0,0,0.0
2026-07-24,FRIDAY,49,Present,0,1.0,1.0,18,50,94.44444444444444,0,0.0,2026-07-25,17.0,1.0,1.0,1,1.0
2026-07-25,SATURDAY,49,Present,0,1.0,1.0,19,50,94.73684210526315,0,0.0,2026-07-27,18.0,1.0,1.0,0,0.0
2026-07-27,MONDAY,49,Present,0,1.0,1.0,20,50,95.0,1,0.0,2026-07-28,19.0,1.0,1.0,0,0.0
2026-07-28,TUESDAY,49,Present,0,1.0,1.0,21,50,95.23809523809523,0,0.0,2026-07-29,20.0,0.0,1.0,0,0.0
2026-07-29,WEDNESDAY,49,Present,0,1.0,1.0,22,50,95.45454545454545,0,0.0,2026-07-30,21.0,0.0,1.0,0,0.0
2026-07-30,THURSDAY,49,Present,0,1.0,0.0,23,50,95.65217391304348,0,0.0,2026-07-31,22.0,0.0,1.0,0,0.0
2026-07-31,FRIDAY,49,Present,0,1.0,0.0,24,50,95.83333333333334,0,0.0,2026-08-03,23.0,0.0,1.0,1,0.0
2026-08-03,MONDAY,49,Present,0,1.0,0.0,25,50,96.0,1,0.0,2026-08-04,24.0,0.0,1.0,0,0.0
2026-08-04,TUESDAY,49,Present,0,1.0,0.0,26,50,96.15384615384616,0,0.0,2026-08-05,25.0,0.0,1.0,0,0.0
2026-08-05,WEDNESDAY,49,Present,0,1.0,0.0,27,50,96.29629629629629,0,0.0,2026-08-06,26.0,0.0,1.0,0,0.0
2026-08-06,THURSDAY,49,Present,0,1.0,0.0,28,50,96.42857142857143,0,0.0,2026-08-07,27.0,0.0,0.0,0,0.0
2026-08-07,FRIDAY,49,Present,0,1.0,0.0,29,50,96.55172413793103,0,0.0,2026-08-08,28.0,0.0,0.0,1,0.0
2026-08-08,SATURDAY,49,Present,0,1.0,0.0,30,50,96.66666666666667,0,0.0,2026-08-10,29.0,0.0,0.0,0,0.0
2026-08-10,MONDAY,49,Present,0,1.0,0.0,31,50,96.7741935483871,1,0.0,2026-08-11,30.0,0.0,0.0,0,0.0
2026-08-11,TUESDAY,49,Present,0,1.0,0.0,32,50,96.875,0,0.0,2026-08-12,31.0,0.0,0.0,0,0.0
2026-08-12,WEDNESDAY,49,Present,0,1.0,0.0,33,50,96.96969696969697,0,0.0,2026-08-13,32.0,0.0,0.0,0,0.0
2026-08-13,THURSDAY,49,Present,0,1.0,0.0,34,50,97.05882352941177,0,0.0,2026-08-14,33.0,0.0,0.0,0,0.0
2026-08-14,FRIDAY,49,Present,0,1.0,0.0,35,50,97.14285714285714,0,0.0,2026-08-17,34.0,0.0,0.0,1,0.0
2026-08-17,MONDAY,49,Present,0,1.0,0.0,36,50,97.22222222222221,1,0.0,2026-08-18,35.0,0.0,0.0,0,0.0
2026-08-18,TUESDAY,49,Present,0,1.0,0.0,37,50,97.2972972972973,0,0.0,2026-08-19,36.0,0.0,0.0,0,0.0
2026-08-19,WEDNESDAY,49,Present,0,1.0,0.0,38,50,97.36842105263158,0,0.0,2026-08-20,37.0,0.0,0.0,0,0.0
2026-08-20,THURSDAY,49,Present,0,1.0,0.0,39,50,97.43589743589743,0,0.0,2026-08-21,38.0,0.0,0.0,0,0.0
2026-08-21,FRIDAY,49,Present,0,1.0,0.0,40,50,97.5,0,0.0,2026-08-22,39.0,0.0,0.0,1,0.0
2026-08-22,SATURDAY,49,Present,0,1.0,0.0,41,50,97.5609756097561,0,0.0,2026-08-24,40.0,0.0,0.0,0,0.0
2026-08-24,MONDAY,49,Present,0,1.0,0.0,42,50,97.61904761904762,1,0.0,2026-08-25,41.0,0.0,0.0,0,0.0
2026-08-25,TUESDAY,49,Present,0,1.0,0.0,43,50,97.67441860465115,0,0.0,2026-08-26,42.0,0.0,0.0,0,0.0
2026-08-26,WEDNESDAY,49,Present,0,1.0,0.0,44,50,97.72727272727273,0,0.0,2026-08-27,43.0,0.0,0.0,0,0.0
2026-08-27,THURSDAY,49,Present,0,1.0,0.0,45,50,97.77777777777777,0,0.0,2026-08-28,44.0,0.0,0.0,0,0.0
2026-08-28,FRIDAY,49,Present,0,1.0,0.0,46,50,97.82608695652173,0,0.0,2026-08-29,45.0,0.0,0.0,1,0.0
2026-08-29,SATURDAY,49,Present,0,1.0,0.0,47,50,97.87234042553192,0,0.0,2026-08-31,46.0,0.0,0.0,0,0.0
2026-08-31,MONDAY,49,Present,0,1.0,0.0,48,50,97.91666666666666,1,0.0,2026-09-01,47.0,0.0,0.0,0,0.0
2026-09-01,TUESDAY,49,Present,0,1.0,0.0,49,50,97.95918367346938,0,0.0,2026-09-02,48.0,0.0,0.0,0,0.0
2026-09-02,WEDNESDAY,49,Present,0,1.0,0.0,50,50,98.0,0,0.0,2026-09-03,49.0,0.0,0.0,0,0.0
2026-09-03,THURSDAY,49,Present,0,1.0,0.0,51,50,98.0392156862745,0,,,50.0,0.0,0.0,0,0.0
2026-07-01,WEDNESDAY,50,Present,0,0.0,0.0,0,49,0.0,0,1.0,2026-07-02,0.0,0.0,0.0,0,0.0
2026-07-02,THURSDAY,50,Absent,1,0.0,0.0,1,49,100.0,0,0.0,2026-07-03,1.0,0.0,0.0,0,0.0
2026-07-03,FRIDAY,50,Present,0,1.0,1.0,2,49,50.0,0,0.0,2026-07-04,1.0,1.0,1.0,1,1.0
2026-07-04,SATURDAY,50,Present,0,1.0,1.0,3,49,66.66666666666666,0,0.0,2026-07-06,2.0,1.0,1.0,0,0.0
2026-07-06,MONDAY,50,Present,0,1.0,1.0,4,49,75.0,1,0.0,2026-07-07,3.0,1.0,1.0,0,0.0
2026-07-07,TUESDAY,50,Present,0,1.0,1.0,5,49,80.0,0,0.0,2026-07-08,4.0,0.0,1.0,0,0.0
2026-07-08,WEDNESDAY,50,Present,0,1.0,1.0,6,49,83.33333333333334,0,0.0,2026-07-09,5.0,0.0,1.0,0,0.0
2026-07-09,THURSDAY,50,Present,0,1.0,0.0,7,49,85.71428571428571,0,0.0,2026-07-10,6.0,0.0,1.0,0,0.0
2026-07-10,FRIDAY,50,Present,0,1.0,0.0,8,49,87.5,0,0.0,2026-07-13,7.0,0.0,1.0,1,0.0
2026-07-13,MONDAY,50,Present,0,1.0,0.0,9,49,88.88888888888889,1,0.0,2026-07-14,8.0,0.0,1.0,0,0.0
2026-07-14,TUESDAY,50,Present,0,1.0,0.0,10,49,90.0,0,0.0,2026-07-15,9.0,0.0,1.0,0,0.0
2026-07-15,WEDNESDAY,50,Present,0,1.0,0.0,11,49,90.9090909090909,0,0.0,2026-07-16,10.0,0.0,1.0,0,0.0
2026-07-16,THURSDAY,50,Present,0,1.0,0.0,12,49,91.66666666666666,0,0.0,2026-07-17,11.0,0.0,0.0,0,0.0
2026-07-17,FRIDAY,50,Present,0,1.0,0.0,13,49,92.3076923076923,0,0.0,2026-07-20,12.0,0.0,0.0,1,0.0
2026-07-20,MONDAY,50,Present,0,1.0,0.0,14,49,92.85714285714286,1,0.0,2026-07-21,13.0,0.0,0.0,0,0.0
2026-07-21,TUESDAY,50,Present,0,1.0,0.0,15,49,93.33333333333333,0,1.0,2026-07-22,14.0,0.0,0.0,0,0.0
2026-07-22,WEDNESDAY,50,Absent,1,1.0,0.0,16,49,93.75,0,0.0,2026-07-23,15.0,0.0,0.0,0,0.0
2026-07-23,THURSDAY,50,Present,0,2.0,1.0,17,49,88.23529411764706,0,0.0,2026-07-24,15.0,1.0,1.0,0,1.0
2026-07-24,FRIDAY,50,Present,0,2.0,1.0,18,49,88.88888888888889,0,0.0,2026-07-25,16.0,1.0,1.0,1,0.0
2026-07-25,SATURDAY,50,Present,0,2.0,1.0,19,49,89.47368421052632,0,0.0,2026-07-27,17.0,1.0,1.0,0,0.0
2026-07-27,MONDAY,50,Present,0,2.0,1.0,20,49,90.0,1,0.0,2026-07-28,18.0,0.0,1.0,0,0.0
2026-07-28,TUESDAY,50,Present,0,2.0,1.0,21,49,90.47619047619048,0,0.0,2026-07-29,19.0,0.0,1.0,0,0.0
2026-07-29,WEDNESDAY,50,Present,0,2.0,0.0,22,49,90.9090909090909,0,0.0,2026-07-30,20.0,0.0,1.0,0,0.0
2026-07-30,THURSDAY,50,Present,0,2.0,0.0,23,49,91.30434782608695,0,0.0,2026-07-31,21.0,0.0,1.0,0,0.0
2026-07-31,FRIDAY,50,Present,0,2.0,0.0,24,49,91.66666666666666,0,0.0,2026-08-03,22.0,0.0,1.0,1,0.0
2026-08-03,MONDAY,50,Present,0,2.0,0.0,25,49,92.0,1,0.0,2026-08-04,23.0,0.0,1.0,0,0.0
2026-08-04,TUESDAY,50,Present,0,2.0,0.0,26,49,92.3076923076923,0,0.0,2026-08-05,24.0,0.0,1.0,0,0.0
2026-08-05,WEDNESDAY,50,Present,0,2.0,0.0,27,49,92.5925925925926,0,0.0,2026-08-06,25.0,0.0,0.0,0,0.0
2026-08-06,THURSDAY,50,Present,0,2.0,0.0,28,49,92.85714285714286,0,0.0,2026-08-07,26.0,0.0,0.0,0,0.0
2026-08-07,FRIDAY,50,Present,0,2.0,0.0,29,49,93.10344827586206,0,0.0,2026-08-08,27.0,0.0,0.0,1,0.0
2026-08-08,SATURDAY,50,Present,0,2.0,0.0,30,49,93.33333333333333,0,0.0,2026-08-10,28.0,0.0,0.0,0,0.0
2026-08-10,MONDAY,50,Present,0,2.0,0.0,31,49,93.54838709677419,1,0.0,2026-08-11,29.0,0.0,0.0,0,0.0
2026-08-11,TUESDAY,50,Present,0,2.0,0.0,32,49,93.75,0,0.0,2026-08-12,30.0,0.0,0.0,0,0.0
2026-08-12,WEDNESDAY,50,Present,0,2.0,0.0,33,49,93.93939393939394,0,0.0,2026-08-13,31.0,0.0,0.0,0,0.0
2026-08-13,THURSDAY,50,Present,0,2.0,0.0,34,49,94.11764705882352,0,0.0,2026-08-14,32.0,0.0,0.0,0,0.0
2026-08-14,FRIDAY,50,Present,0,2.0,0.0,35,49,94.28571428571428,0,0.0,2026-08-17,33.0,0.0,0.0,1,0.0
2026-08-17,MONDAY,50,Present,0,2.0,0.0,36,49,94.44444444444444,1,0.0,2026-08-18,34.0,0.0,0.0,0,0.0
2026-08-18,TUESDAY,50,Present,0,2.0,0.0,37,49,94.5945945945946,0,0.0,2026-08-19,35.0,0.0,0.0,0,0.0
2026-08-19,WEDNESDAY,50,Present,0,2.0,0.0,38,49,94.73684210526315,0,0.0,2026-08-20,36.0,0.0,0.0,0,0.0
2026-08-20,THURSDAY,50,Present,0,2.0,0.0,39,49,94.87179487179486,0,0.0,2026-08-21,37.0,0.0,0.0,0,0.0
2026-08-21,FRIDAY,50,Present,0,2.0,0.0,40,49,95.0,0,0.0,2026-08-22,38.0,0.0,0.0,1,0.0
2026-08-22,SATURDAY,50,Present,0,2.0,0.0,41,49,95.1219512195122,0,0.0,2026-08-24,39.0,0.0,0.0,0,0.0
2026-08-24,MONDAY,50,Present,0,2.0,0.0,42,49,95.23809523809523,1,0.0,2026-08-25,40.0,0.0,0.0,0,0.0
2026-08-25,TUESDAY,50,Present,0,2.0,0.0,43,49,95.34883720930233,0,0.0,2026-08-26,41.0,0.0,0.0,0,0.0
2026-08-26,WEDNESDAY,50,Present,0,2.0,0.0,44,49,95.45454545454545,0,0.0,2026-08-27,42.0,0.0,0.0,0,0.0
2026-08-27,THURSDAY,50,Present,0,2.0,0.0,45,49,95.55555555555556,0,0.0,2026-08-28,43.0,0.0,0.0,0,0.0
2026-08-28,FRIDAY,50,Present,0,2.0,0.0,46,49,95.65217391304348,0,0.0,2026-08-29,44.0,0.0,0.0,1,0.0
2026-08-29,SATURDAY,50,Present,0,2.0,0.0,47,49,95.74468085106383,0,0.0,2026-08-31,45.0,0.0,0.0,0,0.0
2026-08-31,MONDAY,50,Present,0,2.0,0.0,48,49,95.83333333333334,1,0.0,2026-09-01,46.0,0.0,0.0,0,0.0
2026-09-01,TUESDAY,50,Present,0,2.0,0.0,49,49,95.91836734693877,0,0.0,2026-09-02,47.0,0.0,0.0,0,0.0
2026-09-02,WEDNESDAY,50,Present,0,2.0,0.0,50,49,96.0,0,0.0,2026-09-03,48.0,0.0,0.0,0,0.0
2026-09-03,THURSDAY,50,Present,0,2.0,0.0,51,49,96.07843137254902,0,,,49.0,0.0,0.0,0,0.0
2026-07-01,WEDNESDAY,51,Present,0,0.0,0.0,0,47,0.0,0,0.0,2026-07-02,0.0,0.0,0.0,0,0.0
2026-07-02,THURSDAY,51,Present,0,0.0,0.0,1,47,100.0,0,0.0,2026-07-03,1.0,0.0,0.0,0,0.0
2026-07-03,FRIDAY,51,Present,0,0.0,0.0,2,47,100.0,0,0.0,2026-07-04,2.0,0.0,0.0,1,0.0
2026-07-04,SATURDAY,51,Present,0,0.0,0.0,3,47,100.0,0,0.0,2026-07-06,3.0,0.0,0.0,0,0.0
2026-07-06,MONDAY,51,Present,0,0.0,0.0,4,47,100.0,1,0.0,2026-07-07,4.0,0.0,0.0,0,0.0
2026-07-07,TUESDAY,51,Present,0,0.0,0.0,5,47,100.0,0,0.0,2026-07-08,5.0,0.0,0.0,0,0.0
2026-07-08,WEDNESDAY,51,Present,0,0.0,0.0,6,47,100.0,0,0.0,2026-07-09,6.0,0.0,0.0,0,0.0
2026-07-09,THURSDAY,51,Present,0,0.0,0.0,7,47,100.0,0,0.0,2026-07-10,7.0,0.0,0.0,0,0.0
2026-07-10,FRIDAY,51,Present,0,0.0,0.0,8,47,100.0,0,0.0,2026-07-13,8.0,0.0,0.0,1,0.0
2026-07-13,MONDAY,51,Present,0,0.0,0.0,9,47,100.0,1,0.0,2026-07-14,9.0,0.0,0.0,0,0.0
2026-07-14,TUESDAY,51,Present,0,0.0,0.0,10,47,100.0,0,0.0,2026-07-15,10.0,0.0,0.0,0,0.0
2026-07-15,WEDNESDAY,51,Present,0,0.0,0.0,11,47,100.0,0,0.0,2026-07-16,11.0,0.0,0.0,0,0.0
2026-07-16,THURSDAY,51,Present,0,0.0,0.0,12,47,100.0,0,0.0,2026-07-17,12.0,0.0,0.0,0,0.0
2026-07-17,FRIDAY,51,Present,0,0.0,0.0,13,47,100.0,0,0.0,2026-07-20,13.0,0.0,0.0,1,0.0
2026-07-20,MONDAY,51,Present,0,0.0,0.0,14,47,100.0,1,0.0,2026-07-21,14.0,0.0,0.0,0,0.0
2026-07-21,TUESDAY,51,Present,0,0.0,0.0,15,47,100.0,0,0.0,2026-07-22,15.0,0.0,0.0,0,0.0
2026-07-22,WEDNESDAY,51,Present,0,0.0,0.0,16,47,100.0,0,0.0,2026-07-23,16.0,0.0,0.0,0,0.0
2026-07-23,THURSDAY,51,Present,0,0.0,0.0,17,47,100.0,0,0.0,2026-07-24,17.0,0.0,0.0,0,0.0
2026-07-24,FRIDAY,51,Present,0,0.0,0.0,18,47,100.0,0,0.0,2026-07-25,18.0,0.0,0.0,1,0.0
2026-07-25,SATURDAY,51,Present,0,0.0,0.0,19,47,100.0,0,0.0,2026-07-27,19.0,0.0,0.0,0,0.0
2026-07-27,MONDAY,51,Present,0,0.0,0.0,20,47,100.0,1,0.0,2026-07-28,20.0,0.0,0.0,0,0.0
2026-07-28,TUESDAY,51,Present,0,0.0,0.0,21,47,100.0,0,0.0,2026-07-29,21.0,0.0,0.0,0,0.0
2026-07-29,WEDNESDAY,51,Present,0,0.0,0.0,22,47,100.0,0,0.0,2026-07-30,22.0,0.0,0.0,0,0.0
2026-07-30,THURSDAY,51,Present,0,0.0,0.0,23,47,100.0,0,0.0,2026-07-31,23.0,0.0,0.0,0,0.0
2026-07-31,FRIDAY,51,Present,0,0.0,0.0,24,47,100.0,0,1.0,2026-08-03,24.0,0.0,0.0,1,0.0
2026-08-03,MONDAY,51,Absent,1,0.0,0.0,25,47,100.0,1,0.0,2026-08-04,25.0,0.0,0.0,0,0.0
2026-08-04,TUESDAY,51,Present,0,1.0,1.0,26,47,96.15384615384616,0,0.0,2026-08-05,25.0,1.0,1.0,0,1.0
2026-08-05,WEDNESDAY,51,Present,0,1.0,1.0,27,47,96.29629629629629,0,0.0,2026-08-06,26.0,1.0,1.0,0,0.0
2026-08-06,THURSDAY,51,Present,0,1.0,1.0,28,47,96.42857142857143,0,0.0,2026-08-07,27.0,1.0,1.0,0,0.0
2026-08-07,FRIDAY,51,Present,0,1.0,1.0,29,47,96.55172413793103,0,0.0,2026-08-08,28.0,0.0,1.0,1,0.0
2026-08-08,SATURDAY,51,Present,0,1.0,1.0,30,47,96.66666666666667,0,1.0,2026-08-10,29.0,0.0,1.0,0,0.0
2026-08-10,MONDAY,51,Absent,1,1.0,0.0,31,47,96.7741935483871,1,0.0,2026-08-11,30.0,0.0,1.0,0,0.0
2026-08-11,TUESDAY,51,Present,0,2.0,1.0,32,47,93.75,0,0.0,2026-08-12,30.0,1.0,2.0,0,1.0
2026-08-12,WEDNESDAY,51,Present,0,2.0,1.0,33,47,93.93939393939394,0,0.0,2026-08-13,31.0,1.0,2.0,0,0.0
2026-08-13,THURSDAY,51,Present,0,2.0,1.0,34,47,94.11764705882352,0,0.0,2026-08-14,32.0,1.0,2.0,0,0.0
2026-08-14,FRIDAY,51,Present,0,2.0,1.0,35,47,94.28571428571428,0,0.0,2026-08-17,33.0,0.0,2.0,1,0.0
2026-08-17,MONDAY,51,Present,0,2.0,1.0,36,47,94.44444444444444,1,0.0,2026-08-18,34.0,0.0,1.0,0,0.0
2026-08-18,TUESDAY,51,Present,0,2.0,0.0,37,47,94.5945945945946,0,0.0,2026-08-19,35.0,0.0,1.0,0,0.0
2026-08-19,WEDNESDAY,51,Present,0,2.0,0.0,38,47,94.73684210526315,0,0.0,2026-08-20,36.0,0.0,1.0,0,0.0
2026-08-20,THURSDAY,51,Present,0,2.0,0.0,39,47,94.87179487179486,0,0.0,2026-08-21,37.0,0.0,1.0,0,0.0
2026-08-21,FRIDAY,51,Present,0,2.0,0.0,40,47,95.0,0,0.0,2026-08-22,38.0,0.0,1.0,1,0.0
2026-08-22,SATURDAY,51,Present,0,2.0,0.0,41,47,95.1219512195122,0,0.0,2026-08-24,39.0,0.0,1.0,0,0.0
2026-08-24,MONDAY,51,Present,0,2.0,0.0,42,47,95.23809523809523,1,0.0,2026-08-25,40.0,0.0,0.0,0,0.0
2026-08-25,TUESDAY,51,Present,0,2.0,0.0,43,47,95.34883720930233,0,0.0,2026-08-26,41.0,0.0,0.0,0,0.0
2026-08-26,WEDNESDAY,51,Present,0,2.0,0.0,44,47,95.45454545454545,0,0.0,2026-08-27,42.0,0.0,0.0,0,0.0
2026-08-27,THURSDAY,51,Present,0,2.0,0.0,45,47,95.55555555555556,0,0.0,2026-08-28,43.0,0.0,0.0,0,0.0
2026-08-28,FRIDAY,51,Present,0,2.0,0.0,46,47,95.65217391304348,0,0.0,2026-08-29,44.0,0.0,0.0,1,0.0
2026-08-29,SATURDAY,51,Present,0,2.0,0.0,47,47,95.74468085106383,0,0.0,2026-08-31,45.0,0.0,0.0,0,0.0
2026-08-31,MONDAY,51,Present,0,2.0,0.0,48,47,95.83333333333334,1,1.0,2026-09-01,46.0,0.0,0.0,0,0.0
2026-09-01,TUESDAY,51,Absent,1,2.0,0.0,49,47,95.91836734693877,0,1.0,2026-09-02,47.0,0.0,0.0,0,0.0
2026-09-02,WEDNESDAY,51,Absent,1,3.0,1.0,50,47,94.0,0,0.0,2026-09-03,47.0,1.0,1.0,0,1.0
2026-09-03,THURSDAY,51,Present,0,4.0,2.0,51,47,92.15686274509804,0,,,47.0,2.0,2.0,0,1.0
2026-07-01,WEDNESDAY,52,Present,0,0.0,0.0,0,46,0.0,0,0.0,2026-07-02,0.0,0.0,0.0,0,0.0
2026-07-02,THURSDAY,52,Present,0,0.0,0.0,1,46,100.0,0,0.0,2026-07-03,1.0,0.0,0.0,0,0.0
2026-07-03,FRIDAY,52,Present,0,0.0,0.0,2,46,100.0,0,0.0,2026-07-04,2.0,0.0,0.0,1,0.0
2026-07-04,SATURDAY,52,Present,0,0.0,0.0,3,46,100.0,0,0.0,2026-07-06,3.0,0.0,0.0,0,0.0
2026-07-06,MONDAY,52,Present,0,0.0,0.0,4,46,100.0,1,0.0,2026-07-07,4.0,0.0,0.0,0,0.0
2026-07-07,TUESDAY,52,Present,0,0.0,0.0,5,46,100.0,0,0.0,2026-07-08,5.0,0.0,0.0,0,0.0
2026-07-08,WEDNESDAY,52,Present,0,0.0,0.0,6,46,100.0,0,1.0,2026-07-09,6.0,0.0,0.0,0,0.0
2026-07-09,THURSDAY,52,Absent,1,0.0,0.0,7,46,100.0,0,0.0,2026-07-10,7.0,0.0,0.0,0,0.0
2026-07-10,FRIDAY,52,Present,0,1.0,1.0,8,46,87.5,0,0.0,2026-07-13,7.0,1.0,1.0,1,1.0
2026-07-13,MONDAY,52,Present,0,1.0,1.0,9,46,88.88888888888889,1,0.0,2026-07-14,8.0,1.0,1.0,0,0.0
2026-07-14,TUESDAY,52,Present,0,1.0,1.0,10,46,90.0,0,0.0,2026-07-15,9.0,1.0,1.0,0,0.0
2026-07-15,WEDNESDAY,52,Present,0,1.0,1.0,11,46,90.9090909090909,0,0.0,2026-07-16,10.0,0.0,1.0,0,0.0
2026-07-16,THURSDAY,52,Present,0,1.0,1.0,12,46,91.66666666666666,0,0.0,2026-07-17,11.0,0.0,1.0,0,0.0
2026-07-17,FRIDAY,52,Present,0,1.0,0.0,13,46,92.3076923076923,0,0.0,2026-07-20,12.0,0.0,1.0,1,0.0
2026-07-20,MONDAY,52,Present,0,1.0,0.0,14,46,92.85714285714286,1,0.0,2026-07-21,13.0,0.0,1.0,0,0.0
2026-07-21,TUESDAY,52,Present,0,1.0,0.0,15,46,93.33333333333333,0,0.0,2026-07-22,14.0,0.0,1.0,0,0.0
2026-07-22,WEDNESDAY,52,Present,0,1.0,0.0,16,46,93.75,0,1.0,2026-07-23,15.0,0.0,1.0,0,0.0
2026-07-23,THURSDAY,52,Absent,1,1.0,0.0,17,46,94.11764705882352,0,0.0,2026-07-24,16.0,0.0,1.0,0,0.0
2026-07-24,FRIDAY,52,Present,0,2.0,1.0,18,46,88.88888888888889,0,0.0,2026-07-25,16.0,1.0,1.0,1,1.0
2026-07-25,SATURDAY,52,Present,0,2.0,1.0,19,46,89.47368421052632,0,0.0,2026-07-27,17.0,1.0,1.0,0,0.0
2026-07-27,MONDAY,52,Present,0,2.0,1.0,20,46,90.0,1,0.0,2026-07-28,18.0,1.0,1.0,0,0.0
2026-07-28,TUESDAY,52,Present,0,2.0,1.0,21,46,90.47619047619048,0,0.0,2026-07-29,19.0,0.0,1.0,0,0.0
2026-07-29,WEDNESDAY,52,Present,0,2.0,1.0,22,46,90.9090909090909,0,0.0,2026-07-30,20.0,0.0,1.0,0,0.0
2026-07-30,THURSDAY,52,Present,0,2.0,0.0,23,46,91.30434782608695,0,0.0,2026-07-31,21.0,0.0,1.0,0,0.0
2026-07-31,FRIDAY,52,Present,0,2.0,0.0,24,46,91.66666666666666,0,1.0,2026-08-03,22.0,0.0,1.0,1,0.0
2026-08-03,MONDAY,52,Absent,1,2.0,0.0,25,46,92.0,1,0.0,2026-08-04,23.0,0.0,1.0,0,0.0
2026-08-04,TUESDAY,52,Present,0,3.0,1.0,26,46,88.46153846153845,0,0.0,2026-08-05,23.0,1.0,2.0,0,1.0
2026-08-05,WEDNESDAY,52,Present,0,3.0,1.0,27,46,88.88888888888889,0,0.0,2026-08-06,24.0,1.0,2.0,0,0.0
2026-08-06,THURSDAY,52,Present,0,3.0,1.0,28,46,89.28571428571429,0,0.0,2026-08-07,25.0,1.0,1.0,0,0.0
2026-08-07,FRIDAY,52,Present,0,3.0,1.0,29,46,89.65517241379311,0,0.0,2026-08-08,26.0,0.0,1.0,1,0.0
2026-08-08,SATURDAY,52,Present,0,3.0,1.0,30,46,90.0,0,0.0,2026-08-10,27.0,0.0,1.0,0,0.0
2026-08-10,MONDAY,52,Present,0,3.0,0.0,31,46,90.32258064516128,1,0.0,2026-08-11,28.0,0.0,1.0,0,0.0
2026-08-11,TUESDAY,52,Present,0,3.0,0.0,32,46,90.625,0,0.0,2026-08-12,29.0,0.0,1.0,0,0.0
2026-08-12,WEDNESDAY,52,Present,0,3.0,0.0,33,46,90.9090909090909,0,0.0,2026-08-13,30.0,0.0,1.0,0,0.0
2026-08-13,THURSDAY,52,Present,0,3.0,0.0,34,46,91.17647058823529,0,1.0,2026-08-14,31.0,0.0,1.0,0,0.0
2026-08-14,FRIDAY,52,Absent,1,3.0,0.0,35,46,91.42857142857143,0,0.0,2026-08-17,32.0,0.0,1.0,1,0.0
2026-08-17,MONDAY,52,Present,0,4.0,1.0,36,46,88.88888888888889,1,0.0,2026-08-18,32.0,1.0,1.0,0,1.0
2026-08-18,TUESDAY,52,Present,0,4.0,1.0,37,46,89.1891891891892,0,0.0,2026-08-19,33.0,1.0,1.0,0,0.0
2026-08-19,WEDNESDAY,52,Present,0,4.0,1.0,38,46,89.47368421052632,0,0.0,2026-08-20,34.0,1.0,1.0,0,0.0
2026-08-20,THURSDAY,52,Present,0,4.0,1.0,39,46,89.74358974358975,0,0.0,2026-08-21,35.0,0.0,1.0,0,0.0
2026-08-21,FRIDAY,52,Present,0,4.0,1.0,40,46,90.0,0,0.0,2026-08-22,36.0,0.0,1.0,1,0.0
2026-08-22,SATURDAY,52,Present,0,4.0,0.0,41,46,90.2439024390244,0,0.0,2026-08-24,37.0,0.0,1.0,0,0.0
2026-08-24,MONDAY,52,Present,0,4.0,0.0,42,46,90.47619047619048,1,0.0,2026-08-25,38.0,0.0,1.0,0,0.0
2026-08-25,TUESDAY,52,Present,0,4.0,0.0,43,46,90.69767441860465,0,0.0,2026-08-26,39.0,0.0,1.0,0,0.0
2026-08-26,WEDNESDAY,52,Present,0,4.0,0.0,44,46,90.9090909090909,0,0.0,2026-08-27,40.0,0.0,1.0,0,0.0
2026-08-27,THURSDAY,52,Present,0,4.0,0.0,45,46,91.11111111111111,0,0.0,2026-08-28,41.0,0.0,1.0,0,0.0
2026-08-28,FRIDAY,52,Present,0,4.0,0.0,46,46,91.30434782608695,0,0.0,2026-08-29,42.0,0.0,0.0,1,0.0
2026-08-29,SATURDAY,52,Present,0,4.0,0.0,47,46,91.48936170212765,0,1.0,2026-08-31,43.0,0.0,0.0,0,0.0
2026-08-31,MONDAY,52,Absent,1,4.0,0.0,48,46,91.66666666666666,1,0.0,2026-09-01,44.0,0.0,0.0,0,0.0
2026-09-01,TUESDAY,52,Present,0,5.0,1.0,49,46,89.79591836734694,0,0.0,2026-09-02,44.0,1.0,1.0,0,1.0
2026-09-02,WEDNESDAY,52,Present,0,5.0,1.0,50,46,90.0,0,0.0,2026-09-03,45.0,1.0,1.0,0,0.0
2026-09-03,THURSDAY,52,Present,0,5.0,1.0,51,46,90.19607843137256,0,,,46.0,1.0,1.0,0,0.0
2026-07-01,WEDNESDAY,53,Present,0,0.0,0.0,0,50,0.0,0,0.0,2026-07-02,0.0,0.0,0.0,0,0.0
2026-07-02,THURSDAY,53,Present,0,0.0,0.0,1,50,100.0,0,0.0,2026-07-03,1.0,0.0,0.0,0,0.0
2026-07-03,FRIDAY,53,Present,0,0.0,0.0,2,50,100.0,0,0.0,2026-07-04,2.0,0.0,0.0,1,0.0
2026-07-04,SATURDAY,53,Present,0,0.0,0.0,3,50,100.0,0,0.0,2026-07-06,3.0,0.0,0.0,0,0.0
2026-07-06,MONDAY,53,Present,0,0.0,0.0,4,50,100.0,1,0.0,2026-07-07,4.0,0.0,0.0,0,0.0
2026-07-07,TUESDAY,53,Present,0,0.0,0.0,5,50,100.0,0,0.0,2026-07-08,5.0,0.0,0.0,0,0.0
2026-07-08,WEDNESDAY,53,Present,0,0.0,0.0,6,50,100.0,0,0.0,2026-07-09,6.0,0.0,0.0,0,0.0
2026-07-09,THURSDAY,53,Present,0,0.0,0.0,7,50,100.0,0,0.0,2026-07-10,7.0,0.0,0.0,0,0.0
2026-07-10,FRIDAY,53,Present,0,0.0,0.0,8,50,100.0,0,0.0,2026-07-13,8.0,0.0,0.0,1,0.0
2026-07-13,MONDAY,53,Present,0,0.0,0.0,9,50,100.0,1,0.0,2026-07-14,9.0,0.0,0.0,0,0.0
2026-07-14,TUESDAY,53,Present,0,0.0,0.0,10,50,100.0,0,0.0,2026-07-15,10.0,0.0,0.0,0,0.0
2026-07-15,WEDNESDAY,53,Present,0,0.0,0.0,11,50,100.0,0,0.0,2026-07-16,11.0,0.0,0.0,0,0.0
2026-07-16,THURSDAY,53,Present,0,0.0,0.0,12,50,100.0,0,0.0,2026-07-17,12.0,0.0,0.0,0,0.0
2026-07-17,FRIDAY,53,Present,0,0.0,0.0,13,50,100.0,0,0.0,2026-07-20,13.0,0.0,0.0,1,0.0
2026-07-20,MONDAY,53,Present,0,0.0,0.0,14,50,100.0,1,0.0,2026-07-21,14.0,0.0,0.0,0,0.0
2026-07-21,TUESDAY,53,Present,0,0.0,0.0,15,50,100.0,0,0.0,2026-07-22,15.0,0.0,0.0,0,0.0
2026-07-22,WEDNESDAY,53,Present,0,0.0,0.0,16,50,100.0,0,0.0,2026-07-23,16.0,0.0,0.0,0,0.0
2026-07-23,THURSDAY,53,Present,0,0.0,0.0,17,50,100.0,0,0.0,2026-07-24,17.0,0.0,0.0,0,0.0
2026-07-24,FRIDAY,53,Present,0,0.0,0.0,18,50,100.0,0,0.0,2026-07-25,18.0,0.0,0.0,1,0.0
2026-07-25,SATURDAY,53,Present,0,0.0,0.0,19,50,100.0,0,0.0,2026-07-27,19.0,0.0,0.0,0,0.0
2026-07-27,MONDAY,53,Present,0,0.0,0.0,20,50,100.0,1,0.0,2026-07-28,20.0,0.0,0.0,0,0.0
2026-07-28,TUESDAY,53,Present,0,0.0,0.0,21,50,100.0,0,0.0,2026-07-29,21.0,0.0,0.0,0,0.0
2026-07-29,WEDNESDAY,53,Present,0,0.0,0.0,22,50,100.0,0,0.0,2026-07-30,22.0,0.0,0.0,0,0.0
2026-07-30,THURSDAY,53,Present,0,0.0,0.0,23,50,100.0,0,0.0,2026-07-31,23.0,0.0,0.0,0,0.0
2026-07-31,FRIDAY,53,Present,0,0.0,0.0,24,50,100.0,0,0.0,2026-08-03,24.0,0.0,0.0,1,0.0
2026-08-03,MONDAY,53,Present,0,0.0,0.0,25,50,100.0,1,0.0,2026-08-04,25.0,0.0,0.0,0,0.0
2026-08-04,TUESDAY,53,Present,0,0.0,0.0,26,50,100.0,0,0.0,2026-08-05,26.0,0.0,0.0,0,0.0
2026-08-05,WEDNESDAY,53,Present,0,0.0,0.0,27,50,100.0,0,0.0,2026-08-06,27.0,0.0,0.0,0,0.0
2026-08-06,THURSDAY,53,Present,0,0.0,0.0,28,50,100.0,0,0.0,2026-08-07,28.0,0.0,0.0,0,0.0
2026-08-07,FRIDAY,53,Present,0,0.0,0.0,29,50,100.0,0,0.0,2026-08-08,29.0,0.0,0.0,1,0.0
2026-08-08,SATURDAY,53,Present,0,0.0,0.0,30,50,100.0,0,0.0,2026-08-10,30.0,0.0,0.0,0,0.0
2026-08-10,MONDAY,53,Present,0,0.0,0.0,31,50,100.0,1,0.0,2026-08-11,31.0,0.0,0.0,0,0.0
2026-08-11,TUESDAY,53,Present,0,0.0,0.0,32,50,100.0,0,0.0,2026-08-12,32.0,0.0,0.0,0,0.0
2026-08-12,WEDNESDAY,53,Present,0,0.0,0.0,33,50,100.0,0,0.0,2026-08-13,33.0,0.0,0.0,0,0.0
2026-08-13,THURSDAY,53,Present,0,0.0,0.0,34,50,100.0,0,0.0,2026-08-14,34.0,0.0,0.0,0,0.0
2026-08-14,FRIDAY,53,Present,0,0.0,0.0,35,50,100.0,0,0.0,2026-08-17,35.0,0.0,0.0,1,0.0
2026-08-17,MONDAY,53,Present,0,0.0,0.0,36,50,100.0,1,0.0,2026-08-18,36.0,0.0,0.0,0,0.0
2026-08-18,TUESDAY,53,Present,0,0.0,0.0,37,50,100.0,0,0.0,2026-08-19,37.0,0.0,0.0,0,0.0
2026-08-19,WEDNESDAY,53,Present,0,0.0,0.0,38,50,100.0,0,0.0,2026-08-20,38.0,0.0,0.0,0,0.0
2026-08-20,THURSDAY,53,Present,0,0.0,0.0,39,50,100.0,0,0.0,2026-08-21,39.0,0.0,0.0,0,0.0
2026-08-21,FRIDAY,53,Present,0,0.0,0.0,40,50,100.0,0,0.0,2026-08-22,40.0,0.0,0.0,1,0.0
2026-08-22,SATURDAY,53,Present,0,0.0,0.0,41,50,100.0,0,1.0,2026-08-24,41.0,0.0,0.0,0,0.0
2026-08-24,MONDAY,53,Absent,1,0.0,0.0,42,50,100.0,1,0.0,2026-08-25,42.0,0.0,0.0,0,0.0
2026-08-25,TUESDAY,53,Present,0,1.0,1.0,43,50,97.67441860465115,0,0.0,2026-08-26,42.0,1.0,1.0,0,1.0
2026-08-26,WEDNESDAY,53,Present,0,1.0,1.0,44,50,97.72727272727273,0,0.0,2026-08-27,43.0,1.0,1.0,0,0.0
2026-08-27,THURSDAY,53,Present,0,1.0,1.0,45,50,97.77777777777777,0,0.0,2026-08-28,44.0,1.0,1.0,0,0.0
2026-08-28,FRIDAY,53,Present,0,1.0,1.0,46,50,97.82608695652173,0,0.0,2026-08-29,45.0,0.0,1.0,1,0.0
2026-08-29,SATURDAY,53,Present,0,1.0,1.0,47,50,97.87234042553192,0,0.0,2026-08-31,46.0,0.0,1.0,0,0.0
2026-08-31,MONDAY,53,Present,0,1.0,0.0,48,50,97.91666666666666,1,0.0,2026-09-01,47.0,0.0,1.0,0,0.0
2026-09-01,TUESDAY,53,Present,0,1.0,0.0,49,50,97.95918367346938,0,0.0,2026-09-02,48.0,0.0,1.0,0,0.0
2026-09-02,WEDNESDAY,53,Present,0,1.0,0.0,50,50,98.0,0,0.0,2026-09-03,49.0,0.0,1.0,0,0.0
2026-09-03,THURSDAY,53,Present,0,1.0,0.0,51,50,98.0392156862745,0,,,50.0,0.0,1.0,0,0.0
2026-07-01,WEDNESDAY,54,Absent,1,0.0,0.0,0,47,0.0,0,1.0,2026-07-02,0.0,0.0,0.0,0,0.0
2026-07-02,THURSDAY,54,Absent,1,1.0,1.0,1,47,0.0,0,1.0,2026-07-03,0.0,1.0,1.0,0,1.0
2026-07-03,FRIDAY,54,Absent,1,2.0,2.0,2,47,0.0,0,1.0,2026-07-04,0.0,2.0,2.0,1,1.0
2026-07-04,SATURDAY,54,Absent,1,3.0,3.0,3,47,0.0,0,0.0,2026-07-06,0.0,3.0,3.0,0,1.0
2026-07-06,MONDAY,54,Present,0,4.0,4.0,4,47,0.0,1,0.0,2026-07-07,0.0,3.0,4.0,0,1.0
2026-07-07,TUESDAY,54,Present,0,4.0,4.0,5,47,20.0,0,0.0,2026-07-08,1.0,2.0,4.0,0,0.0
2026-07-08,WEDNESDAY,54,Present,0,4.0,3.0,6,47,33.33333333333333,0,0.0,2026-07-09,2.0,1.0,4.0,0,0.0
2026-07-09,THURSDAY,54,Present,0,4.0,2.0,7,47,42.857142857142854,0,0.0,2026-07-10,3.0,0.0,4.0,0,0.0
2026-07-10,FRIDAY,54,Present,0,4.0,1.0,8,47,50.0,0,0.0,2026-07-13,4.0,0.0,4.0,1,0.0
2026-07-13,MONDAY,54,Present,0,4.0,0.0,9,47,55.55555555555556,1,0.0,2026-07-14,5.0,0.0,4.0,0,0.0
2026-07-14,TUESDAY,54,Present,0,4.0,0.0,10,47,60.0,0,0.0,2026-07-15,6.0,0.0,4.0,0,0.0
2026-07-15,WEDNESDAY,54,Present,0,4.0,0.0,11,47,63.63636363636363,0,0.0,2026-07-16,7.0,0.0,3.0,0,0.0
2026-07-16,THURSDAY,54,Present,0,4.0,0.0,12,47,66.66666666666666,0,0.0,2026-07-17,8.0,0.0,2.0,0,0.0
2026-07-17,FRIDAY,54,Present,0,4.0,0.0,13,47,69.23076923076923,0,0.0,2026-07-20,9.0,0.0,1.0,1,0.0
2026-07-20,MONDAY,54,Present,0,4.0,0.0,14,47,71.42857142857143,1,0.0,2026-07-21,10.0,0.0,0.0,0,0.0
2026-07-21,TUESDAY,54,Present,0,4.0,0.0,15,47,73.33333333333333,0,0.0,2026-07-22,11.0,0.0,0.0,0,0.0
2026-07-22,WEDNESDAY,54,Present,0,4.0,0.0,16,47,75.0,0,0.0,2026-07-23,12.0,0.0,0.0,0,0.0
2026-07-23,THURSDAY,54,Present,0,4.0,0.0,17,47,76.47058823529412,0,0.0,2026-07-24,13.0,0.0,0.0,0,0.0
2026-07-24,FRIDAY,54,Present,0,4.0,0.0,18,47,77.77777777777779,0,0.0,2026-07-25,14.0,0.0,0.0,1,0.0
2026-07-25,SATURDAY,54,Present,0,4.0,0.0,19,47,78.94736842105263,0,0.0,2026-07-27,15.0,0.0,0.0,0,0.0
2026-07-27,MONDAY,54,Present,0,4.0,0.0,20,47,80.0,1,0.0,2026-07-28,16.0,0.0,0.0,0,0.0
2026-07-28,TUESDAY,54,Present,0,4.0,0.0,21,47,80.95238095238095,0,0.0,2026-07-29,17.0,0.0,0.0,0,0.0
2026-07-29,WEDNESDAY,54,Present,0,4.0,0.0,22,47,81.81818181818183,0,0.0,2026-07-30,18.0,0.0,0.0,0,0.0
2026-07-30,THURSDAY,54,Present,0,4.0,0.0,23,47,82.6086956521739,0,0.0,2026-07-31,19.0,0.0,0.0,0,0.0
2026-07-31,FRIDAY,54,Present,0,4.0,0.0,24,47,83.33333333333334,0,0.0,2026-08-03,20.0,0.0,0.0,1,0.0
2026-08-03,MONDAY,54,Present,0,4.0,0.0,25,47,84.0,1,0.0,2026-08-04,21.0,0.0,0.0,0,0.0
2026-08-04,TUESDAY,54,Present,0,4.0,0.0,26,47,84.61538461538461,0,0.0,2026-08-05,22.0,0.0,0.0,0,0.0
2026-08-05,WEDNESDAY,54,Present,0,4.0,0.0,27,47,85.18518518518519,0,0.0,2026-08-06,23.0,0.0,0.0,0,0.0
2026-08-06,THURSDAY,54,Present,0,4.0,0.0,28,47,85.71428571428571,0,0.0,2026-08-07,24.0,0.0,0.0,0,0.0
2026-08-07,FRIDAY,54,Present,0,4.0,0.0,29,47,86.20689655172413,0,0.0,2026-08-08,25.0,0.0,0.0,1,0.0
2026-08-08,SATURDAY,54,Present,0,4.0,0.0,30,47,86.66666666666667,0,0.0,2026-08-10,26.0,0.0,0.0,0,0.0
2026-08-10,MONDAY,54,Present,0,4.0,0.0,31,47,87.09677419354838,1,0.0,2026-08-11,27.0,0.0,0.0,0,0.0
2026-08-11,TUESDAY,54,Present,0,4.0,0.0,32,47,87.5,0,0.0,2026-08-12,28.0,0.0,0.0,0,0.0
2026-08-12,WEDNESDAY,54,Present,0,4.0,0.0,33,47,87.87878787878788,0,0.0,2026-08-13,29.0,0.0,0.0,0,0.0
2026-08-13,THURSDAY,54,Present,0,4.0,0.0,34,47,88.23529411764706,0,0.0,2026-08-14,30.0,0.0,0.0,0,0.0
2026-08-14,FRIDAY,54,Present,0,4.0,0.0,35,47,88.57142857142857,0,0.0,2026-08-17,31.0,0.0,0.0,1,0.0
2026-08-17,MONDAY,54,Present,0,4.0,0.0,36,47,88.88888888888889,1,0.0,2026-08-18,32.0,0.0,0.0,0,0.0
2026-08-18,TUESDAY,54,Present,0,4.0,0.0,37,47,89.1891891891892,0,0.0,2026-08-19,33.0,0.0,0.0,0,0.0
2026-08-19,WEDNESDAY,54,Present,0,4.0,0.0,38,47,89.47368421052632,0,0.0,2026-08-20,34.0,0.0,0.0,0,0.0
2026-08-20,THURSDAY,54,Present,0,4.0,0.0,39,47,89.74358974358975,0,0.0,2026-08-21,35.0,0.0,0.0,0,0.0
2026-08-21,FRIDAY,54,Present,0,4.0,0.0,40,47,90.0,0,0.0,2026-08-22,36.0,0.0,0.0,1,0.0
2026-08-22,SATURDAY,54,Present,0,4.0,0.0,41,47,90.2439024390244,0,0.0,2026-08-24,37.0,0.0,0.0,0,0.0
2026-08-24,MONDAY,54,Present,0,4.0,0.0,42,47,90.47619047619048,1,0.0,2026-08-25,38.0,0.0,0.0,0,0.0
2026-08-25,TUESDAY,54,Present,0,4.0,0.0,43,47,90.69767441860465,0,0.0,2026-08-26,39.0,0.0,0.0,0,0.0
2026-08-26,WEDNESDAY,54,Present,0,4.0,0.0,44,47,90.9090909090909,0,0.0,2026-08-27,40.0,0.0,0.0,0,0.0
2026-08-27,THURSDAY,54,Present,0,4.0,0.0,45,47,91.11111111111111,0,0.0,2026-08-28,41.0,0.0,0.0,0,0.0
2026-08-28,FRIDAY,54,Present,0,4.0,0.0,46,47,91.30434782608695,0,0.0,2026-08-29,42.0,0.0,0.0,1,0.0
2026-08-29,SATURDAY,54,Present,0,4.0,0.0,47,47,91.48936170212765,0,0.0,2026-08-31,43.0,0.0,0.0,0,0.0
2026-08-31,MONDAY,54,Present,0,4.0,0.0,48,47,91.66666666666666,1,0.0,2026-09-01,44.0,0.0,0.0,0,0.0
2026-09-01,TUESDAY,54,Present,0,4.0,0.0,49,47,91.83673469387756,0,0.0,2026-09-02,45.0,0.0,0.0,0,0.0
2026-09-02,WEDNESDAY,54,Present,0,4.0,0.0,50,47,92.0,0,0.0,2026-09-03,46.0,0.0,0.0,0,0.0
2026-09-03,THURSDAY,54,Present,0,4.0,0.0,51,47,92.15686274509804,0,,,47.0,0.0,0.0,0,0.0
2026-07-01,WEDNESDAY,55,Present,0,0.0,0.0,0,49,0.0,0,1.0,2026-07-02,0.0,0.0,0.0,0,0.0
2026-07-02,THURSDAY,55,Absent,1,0.0,0.0,1,49,100.0,0,0.0,2026-07-03,1.0,0.0,0.0,0,0.0
2026-07-03,FRIDAY,55,Present,0,1.0,1.0,2,49,50.0,0,0.0,2026-07-04,1.0,1.0,1.0,1,1.0
2026-07-04,SATURDAY,55,Present,0,1.0,1.0,3,49,66.66666666666666,0,0.0,2026-07-06,2.0,1.0,1.0,0,0.0
2026-07-06,MONDAY,55,Present,0,1.0,1.0,4,49,75.0,1,0.0,2026-07-07,3.0,1.0,1.0,0,0.0
2026-07-07,TUESDAY,55,Present,0,1.0,1.0,5,49,80.0,0,0.0,2026-07-08,4.0,0.0,1.0,0,0.0
2026-07-08,WEDNESDAY,55,Present,0,1.0,1.0,6,49,83.33333333333334,0,0.0,2026-07-09,5.0,0.0,1.0,0,0.0
2026-07-09,THURSDAY,55,Present,0,1.0,0.0,7,49,85.71428571428571,0,0.0,2026-07-10,6.0,0.0,1.0,0,0.0
2026-07-10,FRIDAY,55,Present,0,1.0,0.0,8,49,87.5,0,0.0,2026-07-13,7.0,0.0,1.0,1,0.0
2026-07-13,MONDAY,55,Present,0,1.0,0.0,9,49,88.88888888888889,1,0.0,2026-07-14,8.0,0.0,1.0,0,0.0
2026-07-14,TUESDAY,55,Present,0,1.0,0.0,10,49,90.0,0,0.0,2026-07-15,9.0,0.0,1.0,0,0.0
2026-07-15,WEDNESDAY,55,Present,0,1.0,0.0,11,49,90.9090909090909,0,0.0,2026-07-16,10.0,0.0,1.0,0,0.0
2026-07-16,THURSDAY,55,Present,0,1.0,0.0,12,49,91.66666666666666,0,0.0,2026-07-17,11.0,0.0,0.0,0,0.0
2026-07-17,FRIDAY,55,Present,0,1.0,0.0,13,49,92.3076923076923,0,1.0,2026-07-20,12.0,0.0,0.0,1,0.0
2026-07-20,MONDAY,55,Absent,1,1.0,0.0,14,49,92.85714285714286,1,0.0,2026-07-21,13.0,0.0,0.0,0,0.0
2026-07-21,TUESDAY,55,Present,0,2.0,1.0,15,49,86.66666666666667,0,0.0,2026-07-22,13.0,1.0,1.0,0,1.0
2026-07-22,WEDNESDAY,55,Present,0,2.0,1.0,16,49,87.5,0,0.0,2026-07-23,14.0,1.0,1.0,0,0.0
2026-07-23,THURSDAY,55,Present,0,2.0,1.0,17,49,88.23529411764706,0,0.0,2026-07-24,15.0,1.0,1.0,0,0.0
2026-07-24,FRIDAY,55,Present,0,2.0,1.0,18,49,88.88888888888889,0,0.0,2026-07-25,16.0,0.0,1.0,1,0.0
2026-07-25,SATURDAY,55,Present,0,2.0,1.0,19,49,89.47368421052632,0,0.0,2026-07-27,17.0,0.0,1.0,0,0.0
2026-07-27,MONDAY,55,Present,0,2.0,0.0,20,49,90.0,1,0.0,2026-07-28,18.0,0.0,1.0,0,0.0
2026-07-28,TUESDAY,55,Present,0,2.0,0.0,21,49,90.47619047619048,0,0.0,2026-07-29,19.0,0.0,1.0,0,0.0
2026-07-29,WEDNESDAY,55,Present,0,2.0,0.0,22,49,90.9090909090909,0,0.0,2026-07-30,20.0,0.0,1.0,0,0.0
2026-07-30,THURSDAY,55,Present,0,2.0,0.0,23,49,91.30434782608695,0,0.0,2026-07-31,21.0,0.0,1.0,0,0.0
2026-07-31,FRIDAY,55,Present,0,2.0,0.0,24,49,91.66666666666666,0,0.0,2026-08-03,22.0,0.0,1.0,1,0.0
2026-08-03,MONDAY,55,Present,0,2.0,0.0,25,49,92.0,1,0.0,2026-08-04,23.0,0.0,0.0,0,0.0
2026-08-04,TUESDAY,55,Present,0,2.0,0.0,26,49,92.3076923076923,0,0.0,2026-08-05,24.0,0.0,0.0,0,0.0
2026-08-05,WEDNESDAY,55,Present,0,2.0,0.0,27,49,92.5925925925926,0,0.0,2026-08-06,25.0,0.0,0.0,0,0.0
2026-08-06,THURSDAY,55,Present,0,2.0,0.0,28,49,92.85714285714286,0,0.0,2026-08-07,26.0,0.0,0.0,0,0.0
2026-08-07,FRIDAY,55,Present,0,2.0,0.0,29,49,93.10344827586206,0,0.0,2026-08-08,27.0,0.0,0.0,1,0.0
2026-08-08,SATURDAY,55,Present,0,2.0,0.0,30,49,93.33333333333333,0,0.0,2026-08-10,28.0,0.0,0.0,0,0.0
2026-08-10,MONDAY,55,Present,0,2.0,0.0,31,49,93.54838709677419,1,0.0,2026-08-11,29.0,0.0,0.0,0,0.0
2026-08-11,TUESDAY,55,Present,0,2.0,0.0,32,49,93.75,0,0.0,2026-08-12,30.0,0.0,0.0,0,0.0
2026-08-12,WEDNESDAY,55,Present,0,2.0,0.0,33,49,93.93939393939394,0,0.0,2026-08-13,31.0,0.0,0.0,0,0.0
2026-08-13,THURSDAY,55,Present,0,2.0,0.0,34,49,94.11764705882352,0,0.0,2026-08-14,32.0,0.0,0.0,0,0.0
2026-08-14,FRIDAY,55,Present,0,2.0,0.0,35,49,94.28571428571428,0,0.0,2026-08-17,33.0,0.0,0.0,1,0.0
2026-08-17,MONDAY,55,Present,0,2.0,0.0,36,49,94.44444444444444,1,0.0,2026-08-18,34.0,0.0,0.0,0,0.0
2026-08-18,TUESDAY,55,Present,0,2.0,0.0,37,49,94.5945945945946,0,0.0,2026-08-19,35.0,0.0,0.0,0,0.0
2026-08-19,WEDNESDAY,55,Present,0,2.0,0.0,38,49,94.73684210526315,0,0.0,2026-08-20,36.0,0.0,0.0,0,0.0
2026-08-20,THURSDAY,55,Present,0,2.0,0.0,39,49,94.87179487179486,0,0.0,2026-08-21,37.0,0.0,0.0,0,0.0
2026-08-21,FRIDAY,55,Present,0,2.0,0.0,40,49,95.0,0,0.0,2026-08-22,38.0,0.0,0.0,1,0.0
2026-08-22,SATURDAY,55,Present,0,2.0,0.0,41,49,95.1219512195122,0,0.0,2026-08-24,39.0,0.0,0.0,0,0.0
2026-08-24,MONDAY,55,Present,0,2.0,0.0,42,49,95.23809523809523,1,0.0,2026-08-25,40.0,0.0,0.0,0,0.0
2026-08-25,TUESDAY,55,Present,0,2.0,0.0,43,49,95.34883720930233,0,0.0,2026-08-26,41.0,0.0,0.0,0,0.0
2026-08-26,WEDNESDAY,55,Present,0,2.0,0.0,44,49,95.45454545454545,0,0.0,2026-08-27,42.0,0.0,0.0,0,0.0
2026-08-27,THURSDAY,55,Present,0,2.0,0.0,45,49,95.55555555555556,0,0.0,2026-08-28,43.0,0.0,0.0,0,0.0
2026-08-28,FRIDAY,55,Present,0,2.0,0.0,46,49,95.65217391304348,0,0.0,2026-08-29,44.0,0.0,0.0,1,0.0
2026-08-29,SATURDAY,55,Present,0,2.0,0.0,47,49,95.74468085106383,0,0.0,2026-08-31,45.0,0.0,0.0,0,0.0
2026-08-31,MONDAY,55,Present,0,2.0,0.0,48,49,95.83333333333334,1,0.0,2026-09-01,46.0,0.0,0.0,0,0.0
2026-09-01,TUESDAY,55,Present,0,2.0,0.0,49,49,95.91836734693877,0,0.0,2026-09-02,47.0,0.0,0.0,0,0.0
2026-09-02,WEDNESDAY,55,Present,0,2.0,0.0,50,49,96.0,0,0.0,2026-09-03,48.0,0.0,0.0,0,0.0
2026-09-03,THURSDAY,55,Present,0,2.0,0.0,51,49,96.07843137254902,0,,,49.0,0.0,0.0,0,0.0
2026-07-01,WEDNESDAY,56,Present,0,0.0,0.0,0,48,0.0,0,0.0,2026-07-02,0.0,0.0,0.0,0,0.0
2026-07-02,THURSDAY,56,Present,0,0.0,0.0,1,48,100.0,0,0.0,2026-07-03,1.0,0.0,0.0,0,0.0
2026-07-03,FRIDAY,56,Present,0,0.0,0.0,2,48,100.0,0,0.0,2026-07-04,2.0,0.0,0.0,1,0.0
2026-07-04,SATURDAY,56,Present,0,0.0,0.0,3,48,100.0,0,0.0,2026-07-06,3.0,0.0,0.0,0,0.0
2026-07-06,MONDAY,56,Present,0,0.0,0.0,4,48,100.0,1,0.0,2026-07-07,4.0,0.0,0.0,0,0.0
2026-07-07,TUESDAY,56,Present,0,0.0,0.0,5,48,100.0,0,0.0,2026-07-08,5.0,0.0,0.0,0,0.0
2026-07-08,WEDNESDAY,56,Present,0,0.0,0.0,6,48,100.0,0,0.0,2026-07-09,6.0,0.0,0.0,0,0.0
2026-07-09,THURSDAY,56,Present,0,0.0,0.0,7,48,100.0,0,0.0,2026-07-10,7.0,0.0,0.0,0,0.0
2026-07-10,FRIDAY,56,Present,0,0.0,0.0,8,48,100.0,0,0.0,2026-07-13,8.0,0.0,0.0,1,0.0
2026-07-13,MONDAY,56,Present,0,0.0,0.0,9,48,100.0,1,0.0,2026-07-14,9.0,0.0,0.0,0,0.0
2026-07-14,TUESDAY,56,Present,0,0.0,0.0,10,48,100.0,0,0.0,2026-07-15,10.0,0.0,0.0,0,0.0
2026-07-15,WEDNESDAY,56,Present,0,0.0,0.0,11,48,100.0,0,0.0,2026-07-16,11.0,0.0,0.0,0,0.0
2026-07-16,THURSDAY,56,Present,0,0.0,0.0,12,48,100.0,0,0.0,2026-07-17,12.0,0.0,0.0,0,0.0
2026-07-17,FRIDAY,56,Present,0,0.0,0.0,13,48,100.0,0,0.0,2026-07-20,13.0,0.0,0.0,1,0.0
2026-07-20,MONDAY,56,Present,0,0.0,0.0,14,48,100.0,1,0.0,2026-07-21,14.0,0.0,0.0,0,0.0
2026-07-21,TUESDAY,56,Present,0,0.0,0.0,15,48,100.0,0,0.0,2026-07-22,15.0,0.0,0.0,0,0.0
2026-07-22,WEDNESDAY,56,Present,0,0.0,0.0,16,48,100.0,0,0.0,2026-07-23,16.0,0.0,0.0,0,0.0
2026-07-23,THURSDAY,56,Present,0,0.0,0.0,17,48,100.0,0,0.0,2026-07-24,17.0,0.0,0.0,0,0.0
2026-07-24,FRIDAY,56,Present,0,0.0,0.0,18,48,100.0,0,0.0,2026-07-25,18.0,0.0,0.0,1,0.0
2026-07-25,SATURDAY,56,Present,0,0.0,0.0,19,48,100.0,0,1.0,2026-07-27,19.0,0.0,0.0,0,0.0
2026-07-27,MONDAY,56,Absent,1,0.0,0.0,20,48,100.0,1,0.0,2026-07-28,20.0,0.0,0.0,0,0.0
2026-07-28,TUESDAY,56,Present,0,1.0,1.0,21,48,95.23809523809523,0,0.0,2026-07-29,20.0,1.0,1.0,0,1.0
2026-07-29,WEDNESDAY,56,Present,0,1.0,1.0,22,48,95.45454545454545,0,0.0,2026-07-30,21.0,1.0,1.0,0,0.0
2026-07-30,THURSDAY,56,Present,0,1.0,1.0,23,48,95.65217391304348,0,0.0,2026-07-31,22.0,1.0,1.0,0,0.0
2026-07-31,FRIDAY,56,Present,0,1.0,1.0,24,48,95.83333333333334,0,0.0,2026-08-03,23.0,0.0,1.0,1,0.0
2026-08-03,MONDAY,56,Present,0,1.0,1.0,25,48,96.0,1,0.0,2026-08-04,24.0,0.0,1.0,0,0.0
2026-08-04,TUESDAY,56,Present,0,1.0,0.0,26,48,96.15384615384616,0,0.0,2026-08-05,25.0,0.0,1.0,0,0.0
2026-08-05,WEDNESDAY,56,Present,0,1.0,0.0,27,48,96.29629629629629,0,0.0,2026-08-06,26.0,0.0,1.0,0,0.0
2026-08-06,THURSDAY,56,Present,0,1.0,0.0,28,48,96.42857142857143,0,1.0,2026-08-07,27.0,0.0,1.0,0,0.0
2026-08-07,FRIDAY,56,Absent,1,1.0,0.0,29,48,96.55172413793103,0,0.0,2026-08-08,28.0,0.0,1.0,1,0.0
2026-08-08,SATURDAY,56,Present,0,2.0,1.0,30,48,93.33333333333333,0,0.0,2026-08-10,28.0,1.0,2.0,0,1.0
2026-08-10,MONDAY,56,Present,0,2.0,1.0,31,48,93.54838709677419,1,0.0,2026-08-11,29.0,1.0,1.0,0,0.0
2026-08-11,TUESDAY,56,Present,0,2.0,1.0,32,48,93.75,0,0.0,2026-08-12,30.0,1.0,1.0,0,0.0
2026-08-12,WEDNESDAY,56,Present,0,2.0,1.0,33,48,93.93939393939394,0,0.0,2026-08-13,31.0,0.0,1.0,0,0.0
2026-08-13,THURSDAY,56,Present,0,2.0,1.0,34,48,94.11764705882352,0,0.0,2026-08-14,32.0,0.0,1.0,0,0.0
2026-08-14,FRIDAY,56,Present,0,2.0,0.0,35,48,94.28571428571428,0,0.0,2026-08-17,33.0,0.0,1.0,1,0.0
2026-08-17,MONDAY,56,Present,0,2.0,0.0,36,48,94.44444444444444,1,0.0,2026-08-18,34.0,0.0,1.0,0,0.0
2026-08-18,TUESDAY,56,Present,0,2.0,0.0,37,48,94.5945945945946,0,0.0,2026-08-19,35.0,0.0,1.0,0,0.0
2026-08-19,WEDNESDAY,56,Present,0,2.0,0.0,38,48,94.73684210526315,0,0.0,2026-08-20,36.0,0.0,1.0,0,0.0
2026-08-20,THURSDAY,56,Present,0,2.0,0.0,39,48,94.87179487179486,0,0.0,2026-08-21,37.0,0.0,1.0,0,0.0
2026-08-21,FRIDAY,56,Present,0,2.0,0.0,40,48,95.0,0,0.0,2026-08-22,38.0,0.0,0.0,1,0.0
2026-08-22,SATURDAY,56,Present,0,2.0,0.0,41,48,95.1219512195122,0,0.0,2026-08-24,39.0,0.0,0.0,0,0.0
2026-08-24,MONDAY,56,Present,0,2.0,0.0,42,48,95.23809523809523,1,0.0,2026-08-25,40.0,0.0,0.0,0,0.0
2026-08-25,TUESDAY,56,Present,0,2.0,0.0,43,48,95.34883720930233,0,0.0,2026-08-26,41.0,0.0,0.0,0,0.0
2026-08-26,WEDNESDAY,56,Present,0,2.0,0.0,44,48,95.45454545454545,0,0.0,2026-08-27,42.0,0.0,0.0,0,0.0
2026-08-27,THURSDAY,56,Present,0,2.0,0.0,45,48,95.55555555555556,0,0.0,2026-08-28,43.0,0.0,0.0,0,0.0
2026-08-28,FRIDAY,56,Present,0,2.0,0.0,46,48,95.65217391304348,0,0.0,2026-08-29,44.0,0.0,0.0,1,0.0
2026-08-29,SATURDAY,56,Present,0,2.0,0.0,47,48,95.74468085106383,0,1.0,2026-08-31,45.0,0.0,0.0,0,0.0
2026-08-31,MONDAY,56,Absent,1,2.0,0.0,48,48,95.83333333333334,1,0.0,2026-09-01,46.0,0.0,0.0,0,0.0
2026-09-01,TUESDAY,56,Present,0,3.0,1.0,49,48,93.87755102040816,0,0.0,2026-09-02,46.0,1.0,1.0,0,1.0
2026-09-02,WEDNESDAY,56,Present,0,3.0,1.0,50,48,94.0,0,0.0,2026-09-03,47.0,1.0,1.0,0,0.0
2026-09-03,THURSDAY,56,Present,0,3.0,1.0,51,48,94.11764705882352,0,,,48.0,1.0,1.0,0,0.0
2026-07-01,WEDNESDAY,57,Present,0,0.0,0.0,0,49,0.0,0,1.0,2026-07-02,0.0,0.0,0.0,0,0.0
2026-07-02,THURSDAY,57,Absent,1,0.0,0.0,1,49,100.0,0,0.0,2026-07-03,1.0,0.0,0.0,0,0.0
2026-07-03,FRIDAY,57,Present,0,1.0,1.0,2,49,50.0,0,0.0,2026-07-04,1.0,1.0,1.0,1,1.0
2026-07-04,SATURDAY,57,Present,0,1.0,1.0,3,49,66.66666666666666,0,0.0,2026-07-06,2.0,1.0,1.0,0,0.0
2026-07-06,MONDAY,57,Present,0,1.0,1.0,4,49,75.0,1,0.0,2026-07-07,3.0,1.0,1.0,0,0.0
2026-07-07,TUESDAY,57,Present,0,1.0,1.0,5,49,80.0,0,0.0,2026-07-08,4.0,0.0,1.0,0,0.0
2026-07-08,WEDNESDAY,57,Present,0,1.0,1.0,6,49,83.33333333333334,0,0.0,2026-07-09,5.0,0.0,1.0,0,0.0
2026-07-09,THURSDAY,57,Present,0,1.0,0.0,7,49,85.71428571428571,0,0.0,2026-07-10,6.0,0.0,1.0,0,0.0
2026-07-10,FRIDAY,57,Present,0,1.0,0.0,8,49,87.5,0,0.0,2026-07-13,7.0,0.0,1.0,1,0.0
2026-07-13,MONDAY,57,Present,0,1.0,0.0,9,49,88.88888888888889,1,0.0,2026-07-14,8.0,0.0,1.0,0,0.0
2026-07-14,TUESDAY,57,Present,0,1.0,0.0,10,49,90.0,0,0.0,2026-07-15,9.0,0.0,1.0,0,0.0
2026-07-15,WEDNESDAY,57,Present,0,1.0,0.0,11,49,90.9090909090909,0,0.0,2026-07-16,10.0,0.0,1.0,0,0.0
2026-07-16,THURSDAY,57,Present,0,1.0,0.0,12,49,91.66666666666666,0,0.0,2026-07-17,11.0,0.0,0.0,0,0.0
2026-07-17,FRIDAY,57,Present,0,1.0,0.0,13,49,92.3076923076923,0,0.0,2026-07-20,12.0,0.0,0.0,1,0.0
2026-07-20,MONDAY,57,Present,0,1.0,0.0,14,49,92.85714285714286,1,0.0,2026-07-21,13.0,0.0,0.0,0,0.0
2026-07-21,TUESDAY,57,Present,0,1.0,0.0,15,49,93.33333333333333,0,0.0,2026-07-22,14.0,0.0,0.0,0,0.0
2026-07-22,WEDNESDAY,57,Present,0,1.0,0.0,16,49,93.75,0,0.0,2026-07-23,15.0,0.0,0.0,0,0.0
2026-07-23,THURSDAY,57,Present,0,1.0,0.0,17,49,94.11764705882352,0,0.0,2026-07-24,16.0,0.0,0.0,0,0.0
2026-07-24,FRIDAY,57,Present,0,1.0,0.0,18,49,94.44444444444444,0,0.0,2026-07-25,17.0,0.0,0.0,1,0.0
2026-07-25,SATURDAY,57,Present,0,1.0,0.0,19,49,94.73684210526315,0,0.0,2026-07-27,18.0,0.0,0.0,0,0.0
2026-07-27,MONDAY,57,Present,0,1.0,0.0,20,49,95.0,1,0.0,2026-07-28,19.0,0.0,0.0,0,0.0
2026-07-28,TUESDAY,57,Present,0,1.0,0.0,21,49,95.23809523809523,0,0.0,2026-07-29,20.0,0.0,0.0,0,0.0
2026-07-29,WEDNESDAY,57,Present,0,1.0,0.0,22,49,95.45454545454545,0,0.0,2026-07-30,21.0,0.0,0.0,0,0.0
2026-07-30,THURSDAY,57,Present,0,1.0,0.0,23,49,95.65217391304348,0,0.0,2026-07-31,22.0,0.0,0.0,0,0.0
2026-07-31,FRIDAY,57,Present,0,1.0,0.0,24,49,95.83333333333334,0,0.0,2026-08-03,23.0,0.0,0.0,1,0.0
2026-08-03,MONDAY,57,Present,0,1.0,0.0,25,49,96.0,1,0.0,2026-08-04,24.0,0.0,0.0,0,0.0
2026-08-04,TUESDAY,57,Present,0,1.0,0.0,26,49,96.15384615384616,0,1.0,2026-08-05,25.0,0.0,0.0,0,0.0
2026-08-05,WEDNESDAY,57,Absent,1,1.0,0.0,27,49,96.29629629629629,0,0.0,2026-08-06,26.0,0.0,0.0,0,0.0
2026-08-06,THURSDAY,57,Present,0,2.0,1.0,28,49,92.85714285714286,0,0.0,2026-08-07,26.0,1.0,1.0,0,1.0
2026-08-07,FRIDAY,57,Present,0,2.0,1.0,29,49,93.10344827586206,0,0.0,2026-08-08,27.0,1.0,1.0,1,0.0
2026-08-08,SATURDAY,57,Present,0,2.0,1.0,30,49,93.33333333333333,0,0.0,2026-08-10,28.0,1.0,1.0,0,0.0
2026-08-10,MONDAY,57,Present,0,2.0,1.0,31,49,93.54838709677419,1,0.0,2026-08-11,29.0,0.0,1.0,0,0.0
2026-08-11,TUESDAY,57,Present,0,2.0,1.0,32,49,93.75,0,0.0,2026-08-12,30.0,0.0,1.0,0,0.0
2026-08-12,WEDNESDAY,57,Present,0,2.0,0.0,33,49,93.93939393939394,0,0.0,2026-08-13,31.0,0.0,1.0,0,0.0
2026-08-13,THURSDAY,57,Present,0,2.0,0.0,34,49,94.11764705882352,0,0.0,2026-08-14,32.0,0.0,1.0,0,0.0
2026-08-14,FRIDAY,57,Present,0,2.0,0.0,35,49,94.28571428571428,0,0.0,2026-08-17,33.0,0.0,1.0,1,0.0
2026-08-17,MONDAY,57,Present,0,2.0,0.0,36,49,94.44444444444444,1,0.0,2026-08-18,34.0,0.0,1.0,0,0.0
2026-08-18,TUESDAY,57,Present,0,2.0,0.0,37,49,94.5945945945946,0,0.0,2026-08-19,35.0,0.0,1.0,0,0.0
2026-08-19,WEDNESDAY,57,Present,0,2.0,0.0,38,49,94.73684210526315,0,0.0,2026-08-20,36.0,0.0,0.0,0,0.0
2026-08-20,THURSDAY,57,Present,0,2.0,0.0,39,49,94.87179487179486,0,0.0,2026-08-21,37.0,0.0,0.0,0,0.0
2026-08-21,FRIDAY,57,Present,0,2.0,0.0,40,49,95.0,0,0.0,2026-08-22,38.0,0.0,0.0,1,0.0
2026-08-22,SATURDAY,57,Present,0,2.0,0.0,41,49,95.1219512195122,0,0.0,2026-08-24,39.0,0.0,0.0,0,0.0
2026-08-24,MONDAY,57,Present,0,2.0,0.0,42,49,95.23809523809523,1,0.0,2026-08-25,40.0,0.0,0.0,0,0.0
2026-08-25,TUESDAY,57,Present,0,2.0,0.0,43,49,95.34883720930233,0,0.0,2026-08-26,41.0,0.0,0.0,0,0.0
2026-08-26,WEDNESDAY,57,Present,0,2.0,0.0,44,49,95.45454545454545,0,0.0,2026-08-27,42.0,0.0,0.0,0,0.0
2026-08-27,THURSDAY,57,Present,0,2.0,0.0,45,49,95.55555555555556,0,0.0,2026-08-28,43.0,0.0,0.0,0,0.0
2026-08-28,FRIDAY,57,Present,0,2.0,0.0,46,49,95.65217391304348,0,0.0,2026-08-29,44.0,0.0,0.0,1,0.0
2026-08-29,SATURDAY,57,Present,0,2.0,0.0,47,49,95.74468085106383,0,0.0,2026-08-31,45.0,0.0,0.0,0,0.0
2026-08-31,MONDAY,57,Present,0,2.0,0.0,48,49,95.83333333333334,1,0.0,2026-09-01,46.0,0.0,0.0,0,0.0
2026-09-01,TUESDAY,57,Present,0,2.0,0.0,49,49,95.91836734693877,0,0.0,2026-09-02,47.0,0.0,0.0,0,0.0
2026-09-02,WEDNESDAY,57,Present,0,2.0,0.0,50,49,96.0,0,0.0,2026-09-03,48.0,0.0,0.0,0,0.0
2026-09-03,THURSDAY,57,Present,0,2.0,0.0,51,49,96.07843137254902,0,,,49.0,0.0,0.0,0,0.0
2026-07-01,WEDNESDAY,58,Present,0,0.0,0.0,0,49,0.0,0,0.0,2026-07-02,0.0,0.0,0.0,0,0.0
2026-07-02,THURSDAY,58,Present,0,0.0,0.0,1,49,100.0,0,0.0,2026-07-03,1.0,0.0,0.0,0,0.0
2026-07-03,FRIDAY,58,Present,0,0.0,0.0,2,49,100.0,0,0.0,2026-07-04,2.0,0.0,0.0,1,0.0
2026-07-04,SATURDAY,58,Present,0,0.0,0.0,3,49,100.0,0,0.0,2026-07-06,3.0,0.0,0.0,0,0.0
2026-07-06,MONDAY,58,Present,0,0.0,0.0,4,49,100.0,1,0.0,2026-07-07,4.0,0.0,0.0,0,0.0
2026-07-07,TUESDAY,58,Present,0,0.0,0.0,5,49,100.0,0,0.0,2026-07-08,5.0,0.0,0.0,0,0.0
2026-07-08,WEDNESDAY,58,Present,0,0.0,0.0,6,49,100.0,0,0.0,2026-07-09,6.0,0.0,0.0,0,0.0
2026-07-09,THURSDAY,58,Present,0,0.0,0.0,7,49,100.0,0,0.0,2026-07-10,7.0,0.0,0.0,0,0.0
2026-07-10,FRIDAY,58,Present,0,0.0,0.0,8,49,100.0,0,0.0,2026-07-13,8.0,0.0,0.0,1,0.0
2026-07-13,MONDAY,58,Present,0,0.0,0.0,9,49,100.0,1,0.0,2026-07-14,9.0,0.0,0.0,0,0.0
2026-07-14,TUESDAY,58,Present,0,0.0,0.0,10,49,100.0,0,0.0,2026-07-15,10.0,0.0,0.0,0,0.0
2026-07-15,WEDNESDAY,58,Present,0,0.0,0.0,11,49,100.0,0,0.0,2026-07-16,11.0,0.0,0.0,0,0.0
2026-07-16,THURSDAY,58,Present,0,0.0,0.0,12,49,100.0,0,0.0,2026-07-17,12.0,0.0,0.0,0,0.0
2026-07-17,FRIDAY,58,Present,0,0.0,0.0,13,49,100.0,0,0.0,2026-07-20,13.0,0.0,0.0,1,0.0
2026-07-20,MONDAY,58,Present,0,0.0,0.0,14,49,100.0,1,0.0,2026-07-21,14.0,0.0,0.0,0,0.0
2026-07-21,TUESDAY,58,Present,0,0.0,0.0,15,49,100.0,0,0.0,2026-07-22,15.0,0.0,0.0,0,0.0
2026-07-22,WEDNESDAY,58,Present,0,0.0,0.0,16,49,100.0,0,0.0,2026-07-23,16.0,0.0,0.0,0,0.0
2026-07-23,THURSDAY,58,Present,0,0.0,0.0,17,49,100.0,0,0.0,2026-07-24,17.0,0.0,0.0,0,0.0
2026-07-24,FRIDAY,58,Present,0,0.0,0.0,18,49,100.0,0,0.0,2026-07-25,18.0,0.0,0.0,1,0.0
2026-07-25,SATURDAY,58,Present,0,0.0,0.0,19,49,100.0,0,0.0,2026-07-27,19.0,0.0,0.0,0,0.0
2026-07-27,MONDAY,58,Present,0,0.0,0.0,20,49,100.0,1,0.0,2026-07-28,20.0,0.0,0.0,0,0.0
2026-07-28,TUESDAY,58,Present,0,0.0,0.0,21,49,100.0,0,1.0,2026-07-29,21.0,0.0,0.0,0,0.0
2026-07-29,WEDNESDAY,58,Absent,1,0.0,0.0,22,49,100.0,0,1.0,2026-07-30,22.0,0.0,0.0,0,0.0
2026-07-30,THURSDAY,58,Absent,1,1.0,1.0,23,49,95.65217391304348,0,0.0,2026-07-31,22.0,1.0,1.0,0,1.0
2026-07-31,FRIDAY,58,Present,0,2.0,2.0,24,49,91.66666666666666,0,0.0,2026-08-03,22.0,2.0,2.0,1,1.0
2026-08-03,MONDAY,58,Present,0,2.0,2.0,25,49,92.0,1,0.0,2026-08-04,23.0,2.0,2.0,0,0.0
2026-08-04,TUESDAY,58,Present,0,2.0,2.0,26,49,92.3076923076923,0,0.0,2026-08-05,24.0,1.0,2.0,0,0.0
2026-08-05,WEDNESDAY,58,Present,0,2.0,2.0,27,49,92.5925925925926,0,0.0,2026-08-06,25.0,0.0,2.0,0,0.0
2026-08-06,THURSDAY,58,Present,0,2.0,1.0,28,49,92.85714285714286,0,0.0,2026-08-07,26.0,0.0,2.0,0,0.0
2026-08-07,FRIDAY,58,Present,0,2.0,0.0,29,49,93.10344827586206,0,0.0,2026-08-08,27.0,0.0,2.0,1,0.0
2026-08-08,SATURDAY,58,Present,0,2.0,0.0,30,49,93.33333333333333,0,0.0,2026-08-10,28.0,0.0,2.0,0,0.0
2026-08-10,MONDAY,58,Present,0,2.0,0.0,31,49,93.54838709677419,1,0.0,2026-08-11,29.0,0.0,2.0,0,0.0
2026-08-11,TUESDAY,58,Present,0,2.0,0.0,32,49,93.75,0,0.0,2026-08-12,30.0,0.0,2.0,0,0.0
2026-08-12,WEDNESDAY,58,Present,0,2.0,0.0,33,49,93.93939393939394,0,0.0,2026-08-13,31.0,0.0,1.0,0,0.0
2026-08-13,THURSDAY,58,Present,0,2.0,0.0,34,49,94.11764705882352,0,0.0,2026-08-14,32.0,0.0,0.0,0,0.0
2026-08-14,FRIDAY,58,Present,0,2.0,0.0,35,49,94.28571428571428,0,0.0,2026-08-17,33.0,0.0,0.0,1,0.0
2026-08-17,MONDAY,58,Present,0,2.0,0.0,36,49,94.44444444444444,1,0.0,2026-08-18,34.0,0.0,0.0,0,0.0
2026-08-18,TUESDAY,58,Present,0,2.0,0.0,37,49,94.5945945945946,0,0.0,2026-08-19,35.0,0.0,0.0,0,0.0
2026-08-19,WEDNESDAY,58,Present,0,2.0,0.0,38,49,94.73684210526315,0,0.0,2026-08-20,36.0,0.0,0.0,0,0.0
2026-08-20,THURSDAY,58,Present,0,2.0,0.0,39,49,94.87179487179486,0,0.0,2026-08-21,37.0,0.0,0.0,0,0.0
2026-08-21,FRIDAY,58,Present,0,2.0,0.0,40,49,95.0,0,0.0,2026-08-22,38.0,0.0,0.0,1,0.0
2026-08-22,SATURDAY,58,Present,0,2.0,0.0,41,49,95.1219512195122,0,0.0,2026-08-24,39.0,0.0,0.0,0,0.0
2026-08-24,MONDAY,58,Present,0,2.0,0.0,42,49,95.23809523809523,1,0.0,2026-08-25,40.0,0.0,0.0,0,0.0
2026-08-25,TUESDAY,58,Present,0,2.0,0.0,43,49,95.34883720930233,0,0.0,2026-08-26,41.0,0.0,0.0,0,0.0
2026-08-26,WEDNESDAY,58,Present,0,2.0,0.0,44,49,95.45454545454545,0,0.0,2026-08-27,42.0,0.0,0.0,0,0.0
2026-08-27,THURSDAY,58,Present,0,2.0,0.0,45,49,95.55555555555556,0,0.0,2026-08-28,43.0,0.0,0.0,0,0.0
2026-08-28,FRIDAY,58,Present,0,2.0,0.0,46,49,95.65217391304348,0,0.0,2026-08-29,44.0,0.0,0.0,1,0.0
2026-08-29,SATURDAY,58,Present,0,2.0,0.0,47,49,95.74468085106383,0,0.0,2026-08-31,45.0,0.0,0.0,0,0.0
2026-08-31,MONDAY,58,Present,0,2.0,0.0,48,49,95.83333333333334,1,0.0,2026-09-01,46.0,0.0,0.0,0,0.0
2026-09-01,TUESDAY,58,Present,0,2.0,0.0,49,49,95.91836734693877,0,0.0,2026-09-02,47.0,0.0,0.0,0,0.0
2026-09-02,WEDNESDAY,58,Present,0,2.0,0.0,50,49,96.0,0,0.0,2026-09-03,48.0,0.0,0.0,0,0.0
2026-09-03,THURSDAY,58,Present,0,2.0,0.0,51,49,96.07843137254902,0,,,49.0,0.0,0.0,0,0.0
2026-07-01,WEDNESDAY,59,Present,0,0.0,0.0,0,49,0.0,0,0.0,2026-07-02,0.0,0.0,0.0,0,0.0
2026-07-02,THURSDAY,59,Present,0,0.0,0.0,1,49,100.0,0,0.0,2026-07-03,1.0,0.0,0.0,0,0.0
2026-07-03,FRIDAY,59,Present,0,0.0,0.0,2,49,100.0,0,0.0,2026-07-04,2.0,0.0,0.0,1,0.0
2026-07-04,SATURDAY,59,Present,0,0.0,0.0,3,49,100.0,0,0.0,2026-07-06,3.0,0.0,0.0,0,0.0
2026-07-06,MONDAY,59,Present,0,0.0,0.0,4,49,100.0,1,0.0,2026-07-07,4.0,0.0,0.0,0,0.0
2026-07-07,TUESDAY,59,Present,0,0.0,0.0,5,49,100.0,0,0.0,2026-07-08,5.0,0.0,0.0,0,0.0
2026-07-08,WEDNESDAY,59,Present,0,0.0,0.0,6,49,100.0,0,0.0,2026-07-09,6.0,0.0,0.0,0,0.0
2026-07-09,THURSDAY,59,Present,0,0.0,0.0,7,49,100.0,0,0.0,2026-07-10,7.0,0.0,0.0,0,0.0
2026-07-10,FRIDAY,59,Present,0,0.0,0.0,8,49,100.0,0,0.0,2026-07-13,8.0,0.0,0.0,1,0.0
2026-07-13,MONDAY,59,Present,0,0.0,0.0,9,49,100.0,1,0.0,2026-07-14,9.0,0.0,0.0,0,0.0
2026-07-14,TUESDAY,59,Present,0,0.0,0.0,10,49,100.0,0,0.0,2026-07-15,10.0,0.0,0.0,0,0.0
2026-07-15,WEDNESDAY,59,Present,0,0.0,0.0,11,49,100.0,0,0.0,2026-07-16,11.0,0.0,0.0,0,0.0
2026-07-16,THURSDAY,59,Present,0,0.0,0.0,12,49,100.0,0,0.0,2026-07-17,12.0,0.0,0.0,0,0.0
2026-07-17,FRIDAY,59,Present,0,0.0,0.0,13,49,100.0,0,0.0,2026-07-20,13.0,0.0,0.0,1,0.0
2026-07-20,MONDAY,59,Present,0,0.0,0.0,14,49,100.0,1,0.0,2026-07-21,14.0,0.0,0.0,0,0.0
2026-07-21,TUESDAY,59,Present,0,0.0,0.0,15,49,100.0,0,0.0,2026-07-22,15.0,0.0,0.0,0,0.0
2026-07-22,WEDNESDAY,59,Present,0,0.0,0.0,16,49,100.0,0,1.0,2026-07-23,16.0,0.0,0.0,0,0.0
2026-07-23,THURSDAY,59,Absent,1,0.0,0.0,17,49,100.0,0,0.0,2026-07-24,17.0,0.0,0.0,0,0.0
2026-07-24,FRIDAY,59,Present,0,1.0,1.0,18,49,94.44444444444444,0,0.0,2026-07-25,17.0,1.0,1.0,1,1.0
2026-07-25,SATURDAY,59,Present,0,1.0,1.0,19,49,94.73684210526315,0,0.0,2026-07-27,18.0,1.0,1.0,0,0.0
2026-07-27,MONDAY,59,Present,0,1.0,1.0,20,49,95.0,1,0.0,2026-07-28,19.0,1.0,1.0,0,0.0
2026-07-28,TUESDAY,59,Present,0,1.0,1.0,21,49,95.23809523809523,0,0.0,2026-07-29,20.0,0.0,1.0,0,0.0
2026-07-29,WEDNESDAY,59,Present,0,1.0,1.0,22,49,95.45454545454545,0,0.0,2026-07-30,21.0,0.0,1.0,0,0.0
2026-07-30,THURSDAY,59,Present,0,1.0,0.0,23,49,95.65217391304348,0,0.0,2026-07-31,22.0,0.0,1.0,0,0.0
2026-07-31,FRIDAY,59,Present,0,1.0,0.0,24,49,95.83333333333334,0,0.0,2026-08-03,23.0,0.0,1.0,1,0.0
2026-08-03,MONDAY,59,Present,0,1.0,0.0,25,49,96.0,1,0.0,2026-08-04,24.0,0.0,1.0,0,0.0
2026-08-04,TUESDAY,59,Present,0,1.0,0.0,26,49,96.15384615384616,0,0.0,2026-08-05,25.0,0.0,1.0,0,0.0
2026-08-05,WEDNESDAY,59,Present,0,1.0,0.0,27,49,96.29629629629629,0,0.0,2026-08-06,26.0,0.0,1.0,0,0.0
2026-08-06,THURSDAY,59,Present,0,1.0,0.0,28,49,96.42857142857143,0,0.0,2026-08-07,27.0,0.0,0.0,0,0.0
2026-08-07,FRIDAY,59,Present,0,1.0,0.0,29,49,96.55172413793103,0,0.0,2026-08-08,28.0,0.0,0.0,1,0.0
2026-08-08,SATURDAY,59,Present,0,1.0,0.0,30,49,96.66666666666667,0,0.0,2026-08-10,29.0,0.0,0.0,0,0.0
2026-08-10,MONDAY,59,Present,0,1.0,0.0,31,49,96.7741935483871,1,1.0,2026-08-11,30.0,0.0,0.0,0,0.0
2026-08-11,TUESDAY,59,Absent,1,1.0,0.0,32,49,96.875,0,0.0,2026-08-12,31.0,0.0,0.0,0,0.0
2026-08-12,WEDNESDAY,59,Present,0,2.0,1.0,33,49,93.93939393939394,0,0.0,2026-08-13,31.0,1.0,1.0,0,1.0
2026-08-13,THURSDAY,59,Present,0,2.0,1.0,34,49,94.11764705882352,0,0.0,2026-08-14,32.0,1.0,1.0,0,0.0
2026-08-14,FRIDAY,59,Present,0,2.0,1.0,35,49,94.28571428571428,0,0.0,2026-08-17,33.0,1.0,1.0,1,0.0
2026-08-17,MONDAY,59,Present,0,2.0,1.0,36,49,94.44444444444444,1,0.0,2026-08-18,34.0,0.0,1.0,0,0.0
2026-08-18,TUESDAY,59,Present,0,2.0,1.0,37,49,94.5945945945946,0,0.0,2026-08-19,35.0,0.0,1.0,0,0.0
2026-08-19,WEDNESDAY,59,Present,0,2.0,0.0,38,49,94.73684210526315,0,0.0,2026-08-20,36.0,0.0,1.0,0,0.0
2026-08-20,THURSDAY,59,Present,0,2.0,0.0,39,49,94.87179487179486,0,0.0,2026-08-21,37.0,0.0,1.0,0,0.0
2026-08-21,FRIDAY,59,Present,0,2.0,0.0,40,49,95.0,0,0.0,2026-08-22,38.0,0.0,1.0,1,0.0
2026-08-22,SATURDAY,59,Present,0,2.0,0.0,41,49,95.1219512195122,0,0.0,2026-08-24,39.0,0.0,1.0,0,0.0
2026-08-24,MONDAY,59,Present,0,2.0,0.0,42,49,95.23809523809523,1,0.0,2026-08-25,40.0,0.0,1.0,0,0.0
2026-08-25,TUESDAY,59,Present,0,2.0,0.0,43,49,95.34883720930233,0,0.0,2026-08-26,41.0,0.0,0.0,0,0.0
2026-08-26,WEDNESDAY,59,Present,0,2.0,0.0,44,49,95.45454545454545,0,0.0,2026-08-27,42.0,0.0,0.0,0,0.0
2026-08-27,THURSDAY,59,Present,0,2.0,0.0,45,49,95.55555555555556,0,0.0,2026-08-28,43.0,0.0,0.0,0,0.0
2026-08-28,FRIDAY,59,Present,0,2.0,0.0,46,49,95.65217391304348,0,0.0,2026-08-29,44.0,0.0,0.0,1,0.0
2026-08-29,SATURDAY,59,Present,0,2.0,0.0,47,49,95.74468085106383,0,0.0,2026-08-31,45.0,0.0,0.0,0,0.0
2026-08-31,MONDAY,59,Present,0,2.0,0.0,48,49,95.83333333333334,1,0.0,2026-09-01,46.0,0.0,0.0,0,0.0
2026-09-01,TUESDAY,59,Present,0,2.0,0.0,49,49,95.91836734693877,0,0.0,2026-09-02,47.0,0.0,0.0,0,0.0
2026-09-02,WEDNESDAY,59,Present,0,2.0,0.0,50,49,96.0,0,0.0,2026-09-03,48.0,0.0,0.0,0,0.0
2026-09-03,THURSDAY,59,Present,0,2.0,0.0,51,49,96.07843137254902,0,,,49.0,0.0,0.0,0,0.0
2026-07-01,WEDNESDAY,61,Present,0,0.0,0.0,0,50,0.0,0,0.0,2026-07-02,0.0,0.0,0.0,0,0.0
2026-07-02,THURSDAY,61,Present,0,0.0,0.0,1,50,100.0,0,0.0,2026-07-03,1.0,0.0,0.0,0,0.0
2026-07-03,FRIDAY,61,Present,0,0.0,0.0,2,50,100.0,0,0.0,2026-07-04,2.0,0.0,0.0,1,0.0
2026-07-04,SATURDAY,61,Present,0,0.0,0.0,3,50,100.0,0,0.0,2026-07-06,3.0,0.0,0.0,0,0.0
2026-07-06,MONDAY,61,Present,0,0.0,0.0,4,50,100.0,1,0.0,2026-07-07,4.0,0.0,0.0,0,0.0
2026-07-07,TUESDAY,61,Present,0,0.0,0.0,5,50,100.0,0,0.0,2026-07-08,5.0,0.0,0.0,0,0.0
2026-07-08,WEDNESDAY,61,Present,0,0.0,0.0,6,50,100.0,0,0.0,2026-07-09,6.0,0.0,0.0,0,0.0
2026-07-09,THURSDAY,61,Present,0,0.0,0.0,7,50,100.0,0,0.0,2026-07-10,7.0,0.0,0.0,0,0.0
2026-07-10,FRIDAY,61,Present,0,0.0,0.0,8,50,100.0,0,0.0,2026-07-13,8.0,0.0,0.0,1,0.0
2026-07-13,MONDAY,61,Present,0,0.0,0.0,9,50,100.0,1,0.0,2026-07-14,9.0,0.0,0.0,0,0.0
2026-07-14,TUESDAY,61,Present,0,0.0,0.0,10,50,100.0,0,0.0,2026-07-15,10.0,0.0,0.0,0,0.0
2026-07-15,WEDNESDAY,61,Present,0,0.0,0.0,11,50,100.0,0,0.0,2026-07-16,11.0,0.0,0.0,0,0.0
2026-07-16,THURSDAY,61,Present,0,0.0,0.0,12,50,100.0,0,0.0,2026-07-17,12.0,0.0,0.0,0,0.0
2026-07-17,FRIDAY,61,Present,0,0.0,0.0,13,50,100.0,0,0.0,2026-07-20,13.0,0.0,0.0,1,0.0
2026-07-20,MONDAY,61,Present,0,0.0,0.0,14,50,100.0,1,0.0,2026-07-21,14.0,0.0,0.0,0,0.0
2026-07-21,TUESDAY,61,Present,0,0.0,0.0,15,50,100.0,0,0.0,2026-07-22,15.0,0.0,0.0,0,0.0
2026-07-22,WEDNESDAY,61,Present,0,0.0,0.0,16,50,100.0,0,0.0,2026-07-23,16.0,0.0,0.0,0,0.0
2026-07-23,THURSDAY,61,Present,0,0.0,0.0,17,50,100.0,0,0.0,2026-07-24,17.0,0.0,0.0,0,0.0
2026-07-24,FRIDAY,61,Present,0,0.0,0.0,18,50,100.0,0,0.0,2026-07-25,18.0,0.0,0.0,1,0.0
2026-07-25,SATURDAY,61,Present,0,0.0,0.0,19,50,100.0,0,0.0,2026-07-27,19.0,0.0,0.0,0,0.0
2026-07-27,MONDAY,61,Present,0,0.0,0.0,20,50,100.0,1,0.0,2026-07-28,20.0,0.0,0.0,0,0.0
2026-07-28,TUESDAY,61,Present,0,0.0,0.0,21,50,100.0,0,0.0,2026-07-29,21.0,0.0,0.0,0,0.0
2026-07-29,WEDNESDAY,61,Present,0,0.0,0.0,22,50,100.0,0,0.0,2026-07-30,22.0,0.0,0.0,0,0.0
2026-07-30,THURSDAY,61,Present,0,0.0,0.0,23,50,100.0,0,0.0,2026-07-31,23.0,0.0,0.0,0,0.0
2026-07-31,FRIDAY,61,Present,0,0.0,0.0,24,50,100.0,0,0.0,2026-08-03,24.0,0.0,0.0,1,0.0
2026-08-03,MONDAY,61,Present,0,0.0,0.0,25,50,100.0,1,0.0,2026-08-04,25.0,0.0,0.0,0,0.0
2026-08-04,TUESDAY,61,Present,0,0.0,0.0,26,50,100.0,0,0.0,2026-08-05,26.0,0.0,0.0,0,0.0
2026-08-05,WEDNESDAY,61,Present,0,0.0,0.0,27,50,100.0,0,0.0,2026-08-06,27.0,0.0,0.0,0,0.0
2026-08-06,THURSDAY,61,Present,0,0.0,0.0,28,50,100.0,0,0.0,2026-08-07,28.0,0.0,0.0,0,0.0
2026-08-07,FRIDAY,61,Present,0,0.0,0.0,29,50,100.0,0,0.0,2026-08-08,29.0,0.0,0.0,1,0.0
2026-08-08,SATURDAY,61,Present,0,0.0,0.0,30,50,100.0,0,0.0,2026-08-10,30.0,0.0,0.0,0,0.0
2026-08-10,MONDAY,61,Present,0,0.0,0.0,31,50,100.0,1,0.0,2026-08-11,31.0,0.0,0.0,0,0.0
2026-08-11,TUESDAY,61,Present,0,0.0,0.0,32,50,100.0,0,0.0,2026-08-12,32.0,0.0,0.0,0,0.0
2026-08-12,WEDNESDAY,61,Present,0,0.0,0.0,33,50,100.0,0,0.0,2026-08-13,33.0,0.0,0.0,0,0.0
2026-08-13,THURSDAY,61,Present,0,0.0,0.0,34,50,100.0,0,0.0,2026-08-14,34.0,0.0,0.0,0,0.0
2026-08-14,FRIDAY,61,Present,0,0.0,0.0,35,50,100.0,0,1.0,2026-08-17,35.0,0.0,0.0,1,0.0
2026-08-17,MONDAY,61,Absent,1,0.0,0.0,36,50,100.0,1,0.0,2026-08-18,36.0,0.0,0.0,0,0.0
2026-08-18,TUESDAY,61,Present,0,1.0,1.0,37,50,97.2972972972973,0,0.0,2026-08-19,36.0,1.0,1.0,0,1.0
2026-08-19,WEDNESDAY,61,Present,0,1.0,1.0,38,50,97.36842105263158,0,0.0,2026-08-20,37.0,1.0,1.0,0,0.0
2026-08-20,THURSDAY,61,Present,0,1.0,1.0,39,50,97.43589743589743,0,0.0,2026-08-21,38.0,1.0,1.0,0,0.0
2026-08-21,FRIDAY,61,Present,0,1.0,1.0,40,50,97.5,0,0.0,2026-08-22,39.0,0.0,1.0,1,0.0
2026-08-22,SATURDAY,61,Present,0,1.0,1.0,41,50,97.5609756097561,0,0.0,2026-08-24,40.0,0.0,1.0,0,0.0
2026-08-24,MONDAY,61,Present,0,1.0,0.0,42,50,97.61904761904762,1,0.0,2026-08-25,41.0,0.0,1.0,0,0.0
2026-08-25,TUESDAY,61,Present,0,1.0,0.0,43,50,97.67441860465115,0,0.0,2026-08-26,42.0,0.0,1.0,0,0.0
2026-08-26,WEDNESDAY,61,Present,0,1.0,0.0,44,50,97.72727272727273,0,0.0,2026-08-27,43.0,0.0,1.0,0,0.0
2026-08-27,THURSDAY,61,Present,0,1.0,0.0,45,50,97.77777777777777,0,0.0,2026-08-28,44.0,0.0,1.0,0,0.0
2026-08-28,FRIDAY,61,Present,0,1.0,0.0,46,50,97.82608695652173,0,0.0,2026-08-29,45.0,0.0,1.0,1,0.0
2026-08-29,SATURDAY,61,Present,0,1.0,0.0,47,50,97.87234042553192,0,0.0,2026-08-31,46.0,0.0,0.0,0,0.0
2026-08-31,MONDAY,61,Present,0,1.0,0.0,48,50,97.91666666666666,1,0.0,2026-09-01,47.0,0.0,0.0,0,0.0
2026-09-01,TUESDAY,61,Present,0,1.0,0.0,49,50,97.95918367346938,0,0.0,2026-09-02,48.0,0.0,0.0,0,0.0
2026-09-02,WEDNESDAY,61,Present,0,1.0,0.0,50,50,98.0,0,0.0,2026-09-03,49.0,0.0,0.0,0,0.0
2026-09-03,THURSDAY,61,Present,0,1.0,0.0,51,50,98.0392156862745,0,,,50.0,0.0,0.0,0,0.0
2026-07-01,WEDNESDAY,62,Present,0,0.0,0.0,0,47,0.0,0,0.0,2026-07-02,0.0,0.0,0.0,0,0.0
2026-07-02,THURSDAY,62,Present,0,0.0,0.0,1,47,100.0,0,0.0,2026-07-03,1.0,0.0,0.0,0,0.0
2026-07-03,FRIDAY,62,Present,0,0.0,0.0,2,47,100.0,0,0.0,2026-07-04,2.0,0.0,0.0,1,0.0
2026-07-04,SATURDAY,62,Present,0,0.0,0.0,3,47,100.0,0,1.0,2026-07-06,3.0,0.0,0.0,0,0.0
2026-07-06,MONDAY,62,Absent,1,0.0,0.0,4,47,100.0,1,0.0,2026-07-07,4.0,0.0,0.0,0,0.0
2026-07-07,TUESDAY,62,Present,0,1.0,1.0,5,47,80.0,0,0.0,2026-07-08,4.0,1.0,1.0,0,1.0
2026-07-08,WEDNESDAY,62,Present,0,1.0,1.0,6,47,83.33333333333334,0,0.0,2026-07-09,5.0,1.0,1.0,0,0.0
2026-07-09,THURSDAY,62,Present,0,1.0,1.0,7,47,85.71428571428571,0,0.0,2026-07-10,6.0,1.0,1.0,0,0.0
2026-07-10,FRIDAY,62,Present,0,1.0,1.0,8,47,87.5,0,0.0,2026-07-13,7.0,0.0,1.0,1,0.0
2026-07-13,MONDAY,62,Present,0,1.0,1.0,9,47,88.88888888888889,1,0.0,2026-07-14,8.0,0.0,1.0,0,0.0
2026-07-14,TUESDAY,62,Present,0,1.0,0.0,10,47,90.0,0,0.0,2026-07-15,9.0,0.0,1.0,0,0.0
2026-07-15,WEDNESDAY,62,Present,0,1.0,0.0,11,47,90.9090909090909,0,0.0,2026-07-16,10.0,0.0,1.0,0,0.0
2026-07-16,THURSDAY,62,Present,0,1.0,0.0,12,47,91.66666666666666,0,0.0,2026-07-17,11.0,0.0,1.0,0,0.0
2026-07-17,FRIDAY,62,Present,0,1.0,0.0,13,47,92.3076923076923,0,0.0,2026-07-20,12.0,0.0,1.0,1,0.0
2026-07-20,MONDAY,62,Present,0,1.0,0.0,14,47,92.85714285714286,1,0.0,2026-07-21,13.0,0.0,1.0,0,0.0
2026-07-21,TUESDAY,62,Present,0,1.0,0.0,15,47,93.33333333333333,0,0.0,2026-07-22,14.0,0.0,0.0,0,0.0
2026-07-22,WEDNESDAY,62,Present,0,1.0,0.0,16,47,93.75,0,0.0,2026-07-23,15.0,0.0,0.0,0,0.0
2026-07-23,THURSDAY,62,Present,0,1.0,0.0,17,47,94.11764705882352,0,0.0,2026-07-24,16.0,0.0,0.0,0,0.0
2026-07-24,FRIDAY,62,Present,0,1.0,0.0,18,47,94.44444444444444,0,0.0,2026-07-25,17.0,0.0,0.0,1,0.0
2026-07-25,SATURDAY,62,Present,0,1.0,0.0,19,47,94.73684210526315,0,0.0,2026-07-27,18.0,0.0,0.0,0,0.0
2026-07-27,MONDAY,62,Present,0,1.0,0.0,20,47,95.0,1,0.0,2026-07-28,19.0,0.0,0.0,0,0.0
2026-07-28,TUESDAY,62,Present,0,1.0,0.0,21,47,95.23809523809523,0,1.0,2026-07-29,20.0,0.0,0.0,0,0.0
2026-07-29,WEDNESDAY,62,Absent,1,1.0,0.0,22,47,95.45454545454545,0,0.0,2026-07-30,21.0,0.0,0.0,0,0.0
2026-07-30,THURSDAY,62,Present,0,2.0,1.0,23,47,91.30434782608695,0,0.0,2026-07-31,21.0,1.0,1.0,0,1.0
2026-07-31,FRIDAY,62,Present,0,2.0,1.0,24,47,91.66666666666666,0,0.0,2026-08-03,22.0,1.0,1.0,1,0.0
2026-08-03,MONDAY,62,Present,0,2.0,1.0,25,47,92.0,1,0.0,2026-08-04,23.0,1.0,1.0,0,0.0
2026-08-04,TUESDAY,62,Present,0,2.0,1.0,26,47,92.3076923076923,0,1.0,2026-08-05,24.0,0.0,1.0,0,0.0
2026-08-05,WEDNESDAY,62,Absent,1,2.0,1.0,27,47,92.5925925925926,0,0.0,2026-08-06,25.0,0.0,1.0,0,0.0
2026-08-06,THURSDAY,62,Present,0,3.0,1.0,28,47,89.28571428571429,0,0.0,2026-08-07,25.0,1.0,2.0,0,1.0
2026-08-07,FRIDAY,62,Present,0,3.0,1.0,29,47,89.65517241379311,0,0.0,2026-08-08,26.0,1.0,2.0,1,0.0
2026-08-08,SATURDAY,62,Present,0,3.0,1.0,30,47,90.0,0,0.0,2026-08-10,27.0,1.0,2.0,0,0.0
2026-08-10,MONDAY,62,Present,0,3.0,1.0,31,47,90.32258064516128,1,0.0,2026-08-11,28.0,0.0,2.0,0,0.0
2026-08-11,TUESDAY,62,Present,0,3.0,1.0,32,47,90.625,0,0.0,2026-08-12,29.0,0.0,2.0,0,0.0
2026-08-12,WEDNESDAY,62,Present,0,3.0,0.0,33,47,90.9090909090909,0,0.0,2026-08-13,30.0,0.0,1.0,0,0.0
2026-08-13,THURSDAY,62,Present,0,3.0,0.0,34,47,91.17647058823529,0,0.0,2026-08-14,31.0,0.0,1.0,0,0.0
2026-08-14,FRIDAY,62,Present,0,3.0,0.0,35,47,91.42857142857143,0,0.0,2026-08-17,32.0,0.0,1.0,1,0.0
2026-08-17,MONDAY,62,Present,0,3.0,0.0,36,47,91.66666666666666,1,0.0,2026-08-18,33.0,0.0,1.0,0,0.0
2026-08-18,TUESDAY,62,Present,0,3.0,0.0,37,47,91.8918918918919,0,0.0,2026-08-19,34.0,0.0,1.0,0,0.0
2026-08-19,WEDNESDAY,62,Present,0,3.0,0.0,38,47,92.10526315789474,0,0.0,2026-08-20,35.0,0.0,0.0,0,0.0
2026-08-20,THURSDAY,62,Present,0,3.0,0.0,39,47,92.3076923076923,0,0.0,2026-08-21,36.0,0.0,0.0,0,0.0
2026-08-21,FRIDAY,62,Present,0,3.0,0.0,40,47,92.5,0,0.0,2026-08-22,37.0,0.0,0.0,1,0.0
2026-08-22,SATURDAY,62,Present,0,3.0,0.0,41,47,92.6829268292683,0,0.0,2026-08-24,38.0,0.0,0.0,0,0.0
2026-08-24,MONDAY,62,Present,0,3.0,0.0,42,47,92.85714285714286,1,0.0,2026-08-25,39.0,0.0,0.0,0,0.0
2026-08-25,TUESDAY,62,Present,0,3.0,0.0,43,47,93.02325581395348,0,0.0,2026-08-26,40.0,0.0,0.0,0,0.0
2026-08-26,WEDNESDAY,62,Present,0,3.0,0.0,44,47,93.18181818181817,0,0.0,2026-08-27,41.0,0.0,0.0,0,0.0
2026-08-27,THURSDAY,62,Present,0,3.0,0.0,45,47,93.33333333333333,0,0.0,2026-08-28,42.0,0.0,0.0,0,0.0
2026-08-28,FRIDAY,62,Present,0,3.0,0.0,46,47,93.47826086956522,0,0.0,2026-08-29,43.0,0.0,0.0,1,0.0
2026-08-29,SATURDAY,62,Present,0,3.0,0.0,47,47,93.61702127659575,0,0.0,2026-08-31,44.0,0.0,0.0,0,0.0
2026-08-31,MONDAY,62,Present,0,3.0,0.0,48,47,93.75,1,1.0,2026-09-01,45.0,0.0,0.0,0,0.0
2026-09-01,TUESDAY,62,Absent,1,3.0,0.0,49,47,93.87755102040816,0,0.0,2026-09-02,46.0,0.0,0.0,0,0.0
2026-09-02,WEDNESDAY,62,Present,0,4.0,1.0,50,47,92.0,0,0.0,2026-09-03,46.0,1.0,1.0,0,1.0
2026-09-03,THURSDAY,62,Present,0,4.0,1.0,51,47,92.15686274509804,0,,,47.0,1.0,1.0,0,0.0
2026-07-01,WEDNESDAY,63,Present,0,0.0,0.0,0,50,0.0,0,0.0,2026-07-02,0.0,0.0,0.0,0,0.0
2026-07-02,THURSDAY,63,Present,0,0.0,0.0,1,50,100.0,0,0.0,2026-07-03,1.0,0.0,0.0,0,0.0
2026-07-03,FRIDAY,63,Present,0,0.0,0.0,2,50,100.0,0,0.0,2026-07-04,2.0,0.0,0.0,1,0.0
2026-07-04,SATURDAY,63,Present,0,0.0,0.0,3,50,100.0,0,0.0,2026-07-06,3.0,0.0,0.0,0,0.0
2026-07-06,MONDAY,63,Present,0,0.0,0.0,4,50,100.0,1,0.0,2026-07-07,4.0,0.0,0.0,0,0.0
2026-07-07,TUESDAY,63,Present,0,0.0,0.0,5,50,100.0,0,0.0,2026-07-08,5.0,0.0,0.0,0,0.0
2026-07-08,WEDNESDAY,63,Present,0,0.0,0.0,6,50,100.0,0,0.0,2026-07-09,6.0,0.0,0.0,0,0.0
2026-07-09,THURSDAY,63,Present,0,0.0,0.0,7,50,100.0,0,0.0,2026-07-10,7.0,0.0,0.0,0,0.0
2026-07-10,FRIDAY,63,Present,0,0.0,0.0,8,50,100.0,0,0.0,2026-07-13,8.0,0.0,0.0,1,0.0
2026-07-13,MONDAY,63,Present,0,0.0,0.0,9,50,100.0,1,0.0,2026-07-14,9.0,0.0,0.0,0,0.0
2026-07-14,TUESDAY,63,Present,0,0.0,0.0,10,50,100.0,0,0.0,2026-07-15,10.0,0.0,0.0,0,0.0
2026-07-15,WEDNESDAY,63,Present,0,0.0,0.0,11,50,100.0,0,0.0,2026-07-16,11.0,0.0,0.0,0,0.0
2026-07-16,THURSDAY,63,Present,0,0.0,0.0,12,50,100.0,0,0.0,2026-07-17,12.0,0.0,0.0,0,0.0
2026-07-17,FRIDAY,63,Present,0,0.0,0.0,13,50,100.0,0,0.0,2026-07-20,13.0,0.0,0.0,1,0.0
2026-07-20,MONDAY,63,Present,0,0.0,0.0,14,50,100.0,1,0.0,2026-07-21,14.0,0.0,0.0,0,0.0
2026-07-21,TUESDAY,63,Present,0,0.0,0.0,15,50,100.0,0,0.0,2026-07-22,15.0,0.0,0.0,0,0.0
2026-07-22,WEDNESDAY,63,Present,0,0.0,0.0,16,50,100.0,0,0.0,2026-07-23,16.0,0.0,0.0,0,0.0
2026-07-23,THURSDAY,63,Present,0,0.0,0.0,17,50,100.0,0,0.0,2026-07-24,17.0,0.0,0.0,0,0.0
2026-07-24,FRIDAY,63,Present,0,0.0,0.0,18,50,100.0,0,0.0,2026-07-25,18.0,0.0,0.0,1,0.0
2026-07-25,SATURDAY,63,Present,0,0.0,0.0,19,50,100.0,0,0.0,2026-07-27,19.0,0.0,0.0,0,0.0
2026-07-27,MONDAY,63,Present,0,0.0,0.0,20,50,100.0,1,0.0,2026-07-28,20.0,0.0,0.0,0,0.0
2026-07-28,TUESDAY,63,Present,0,0.0,0.0,21,50,100.0,0,0.0,2026-07-29,21.0,0.0,0.0,0,0.0
2026-07-29,WEDNESDAY,63,Present,0,0.0,0.0,22,50,100.0,0,0.0,2026-07-30,22.0,0.0,0.0,0,0.0
2026-07-30,THURSDAY,63,Present,0,0.0,0.0,23,50,100.0,0,0.0,2026-07-31,23.0,0.0,0.0,0,0.0
2026-07-31,FRIDAY,63,Present,0,0.0,0.0,24,50,100.0,0,0.0,2026-08-03,24.0,0.0,0.0,1,0.0
2026-08-03,MONDAY,63,Present,0,0.0,0.0,25,50,100.0,1,0.0,2026-08-04,25.0,0.0,0.0,0,0.0
2026-08-04,TUESDAY,63,Present,0,0.0,0.0,26,50,100.0,0,0.0,2026-08-05,26.0,0.0,0.0,0,0.0
2026-08-05,WEDNESDAY,63,Present,0,0.0,0.0,27,50,100.0,0,0.0,2026-08-06,27.0,0.0,0.0,0,0.0
2026-08-06,THURSDAY,63,Present,0,0.0,0.0,28,50,100.0,0,0.0,2026-08-07,28.0,0.0,0.0,0,0.0
2026-08-07,FRIDAY,63,Present,0,0.0,0.0,29,50,100.0,0,0.0,2026-08-08,29.0,0.0,0.0,1,0.0
2026-08-08,SATURDAY,63,Present,0,0.0,0.0,30,50,100.0,0,0.0,2026-08-10,30.0,0.0,0.0,0,0.0
2026-08-10,MONDAY,63,Present,0,0.0,0.0,31,50,100.0,1,0.0,2026-08-11,31.0,0.0,0.0,0,0.0
2026-08-11,TUESDAY,63,Present,0,0.0,0.0,32,50,100.0,0,0.0,2026-08-12,32.0,0.0,0.0,0,0.0
2026-08-12,WEDNESDAY,63,Present,0,0.0,0.0,33,50,100.0,0,0.0,2026-08-13,33.0,0.0,0.0,0,0.0
2026-08-13,THURSDAY,63,Present,0,0.0,0.0,34,50,100.0,0,0.0,2026-08-14,34.0,0.0,0.0,0,0.0
2026-08-14,FRIDAY,63,Present,0,0.0,0.0,35,50,100.0,0,0.0,2026-08-17,35.0,0.0,0.0,1,0.0
2026-08-17,MONDAY,63,Present,0,0.0,0.0,36,50,100.0,1,0.0,2026-08-18,36.0,0.0,0.0,0,0.0
2026-08-18,TUESDAY,63,Present,0,0.0,0.0,37,50,100.0,0,0.0,2026-08-19,37.0,0.0,0.0,0,0.0
2026-08-19,WEDNESDAY,63,Present,0,0.0,0.0,38,50,100.0,0,0.0,2026-08-20,38.0,0.0,0.0,0,0.0
2026-08-20,THURSDAY,63,Present,0,0.0,0.0,39,50,100.0,0,0.0,2026-08-21,39.0,0.0,0.0,0,0.0
2026-08-21,FRIDAY,63,Present,0,0.0,0.0,40,50,100.0,0,0.0,2026-08-22,40.0,0.0,0.0,1,0.0
2026-08-22,SATURDAY,63,Present,0,0.0,0.0,41,50,100.0,0,0.0,2026-08-24,41.0,0.0,0.0,0,0.0
2026-08-24,MONDAY,63,Present,0,0.0,0.0,42,50,100.0,1,1.0,2026-08-25,42.0,0.0,0.0,0,0.0
2026-08-25,TUESDAY,63,Absent,1,0.0,0.0,43,50,100.0,0,0.0,2026-08-26,43.0,0.0,0.0,0,0.0
2026-08-26,WEDNESDAY,63,Present,0,1.0,1.0,44,50,97.72727272727273,0,0.0,2026-08-27,43.0,1.0,1.0,0,1.0
2026-08-27,THURSDAY,63,Present,0,1.0,1.0,45,50,97.77777777777777,0,0.0,2026-08-28,44.0,1.0,1.0,0,0.0
2026-08-28,FRIDAY,63,Present,0,1.0,1.0,46,50,97.82608695652173,0,0.0,2026-08-29,45.0,1.0,1.0,1,0.0
2026-08-29,SATURDAY,63,Present,0,1.0,1.0,47,50,97.87234042553192,0,0.0,2026-08-31,46.0,0.0,1.0,0,0.0
2026-08-31,MONDAY,63,Present,0,1.0,1.0,48,50,97.91666666666666,1,0.0,2026-09-01,47.0,0.0,1.0,0,0.0
2026-09-01,TUESDAY,63,Present,0,1.0,0.0,49,50,97.95918367346938,0,0.0,2026-09-02,48.0,0.0,1.0,0,0.0
2026-09-02,WEDNESDAY,63,Present,0,1.0,0.0,50,50,98.0,0,0.0,2026-09-03,49.0,0.0,1.0,0,0.0
2026-09-03,THURSDAY,63,Present,0,1.0,0.0,51,50,98.0392156862745,0,,,50.0,0.0,1.0,0,0.0
2026-07-01,WEDNESDAY,64,Present,0,0.0,0.0,0,49,0.0,0,0.0,2026-07-02,0.0,0.0,0.0,0,0.0
2026-07-02,THURSDAY,64,Present,0,0.0,0.0,1,49,100.0,0,0.0,2026-07-03,1.0,0.0,0.0,0,0.0
2026-07-03,FRIDAY,64,Present,0,0.0,0.0,2,49,100.0,0,0.0,2026-07-04,2.0,0.0,0.0,1,0.0
2026-07-04,SATURDAY,64,Present,0,0.0,0.0,3,49,100.0,0,0.0,2026-07-06,3.0,0.0,0.0,0,0.0
2026-07-06,MONDAY,64,Present,0,0.0,0.0,4,49,100.0,1,0.0,2026-07-07,4.0,0.0,0.0,0,0.0
2026-07-07,TUESDAY,64,Present,0,0.0,0.0,5,49,100.0,0,0.0,2026-07-08,5.0,0.0,0.0,0,0.0
2026-07-08,WEDNESDAY,64,Present,0,0.0,0.0,6,49,100.0,0,0.0,2026-07-09,6.0,0.0,0.0,0,0.0
2026-07-09,THURSDAY,64,Present,0,0.0,0.0,7,49,100.0,0,0.0,2026-07-10,7.0,0.0,0.0,0,0.0
2026-07-10,FRIDAY,64,Present,0,0.0,0.0,8,49,100.0,0,0.0,2026-07-13,8.0,0.0,0.0,1,0.0
2026-07-13,MONDAY,64,Present,0,0.0,0.0,9,49,100.0,1,0.0,2026-07-14,9.0,0.0,0.0,0,0.0
2026-07-14,TUESDAY,64,Present,0,0.0,0.0,10,49,100.0,0,0.0,2026-07-15,10.0,0.0,0.0,0,0.0
2026-07-15,WEDNESDAY,64,Present,0,0.0,0.0,11,49,100.0,0,0.0,2026-07-16,11.0,0.0,0.0,0,0.0
2026-07-16,THURSDAY,64,Present,0,0.0,0.0,12,49,100.0,0,0.0,2026-07-17,12.0,0.0,0.0,0,0.0
2026-07-17,FRIDAY,64,Present,0,0.0,0.0,13,49,100.0,0,0.0,2026-07-20,13.0,0.0,0.0,1,0.0
2026-07-20,MONDAY,64,Present,0,0.0,0.0,14,49,100.0,1,0.0,2026-07-21,14.0,0.0,0.0,0,0.0
2026-07-21,TUESDAY,64,Present,0,0.0,0.0,15,49,100.0,0,0.0,2026-07-22,15.0,0.0,0.0,0,0.0
2026-07-22,WEDNESDAY,64,Present,0,0.0,0.0,16,49,100.0,0,1.0,2026-07-23,16.0,0.0,0.0,0,0.0
2026-07-23,THURSDAY,64,Absent,1,0.0,0.0,17,49,100.0,0,0.0,2026-07-24,17.0,0.0,0.0,0,0.0
2026-07-24,FRIDAY,64,Present,0,1.0,1.0,18,49,94.44444444444444,0,0.0,2026-07-25,17.0,1.0,1.0,1,1.0
2026-07-25,SATURDAY,64,Present,0,1.0,1.0,19,49,94.73684210526315,0,0.0,2026-07-27,18.0,1.0,1.0,0,0.0
2026-07-27,MONDAY,64,Present,0,1.0,1.0,20,49,95.0,1,0.0,2026-07-28,19.0,1.0,1.0,0,0.0
2026-07-28,TUESDAY,64,Present,0,1.0,1.0,21,49,95.23809523809523,0,0.0,2026-07-29,20.0,0.0,1.0,0,0.0
2026-07-29,WEDNESDAY,64,Present,0,1.0,1.0,22,49,95.45454545454545,0,0.0,2026-07-30,21.0,0.0,1.0,0,0.0
2026-07-30,THURSDAY,64,Present,0,1.0,0.0,23,49,95.65217391304348,0,0.0,2026-07-31,22.0,0.0,1.0,0,0.0
2026-07-31,FRIDAY,64,Present,0,1.0,0.0,24,49,95.83333333333334,0,0.0,2026-08-03,23.0,0.0,1.0,1,0.0
2026-08-03,MONDAY,64,Present,0,1.0,0.0,25,49,96.0,1,0.0,2026-08-04,24.0,0.0,1.0,0,0.0
2026-08-04,TUESDAY,64,Present,0,1.0,0.0,26,49,96.15384615384616,0,0.0,2026-08-05,25.0,0.0,1.0,0,0.0
2026-08-05,WEDNESDAY,64,Present,0,1.0,0.0,27,49,96.29629629629629,0,0.0,2026-08-06,26.0,0.0,1.0,0,0.0
2026-08-06,THURSDAY,64,Present,0,1.0,0.0,28,49,96.42857142857143,0,0.0,2026-08-07,27.0,0.0,0.0,0,0.0
2026-08-07,FRIDAY,64,Present,0,1.0,0.0,29,49,96.55172413793103,0,0.0,2026-08-08,28.0,0.0,0.0,1,0.0
2026-08-08,SATURDAY,64,Present,0,1.0,0.0,30,49,96.66666666666667,0,1.0,2026-08-10,29.0,0.0,0.0,0,0.0
2026-08-10,MONDAY,64,Absent,1,1.0,0.0,31,49,96.7741935483871,1,0.0,2026-08-11,30.0,0.0,0.0,0,0.0
2026-08-11,TUESDAY,64,Present,0,2.0,1.0,32,49,93.75,0,0.0,2026-08-12,30.0,1.0,1.0,0,1.0
2026-08-12,WEDNESDAY,64,Present,0,2.0,1.0,33,49,93.93939393939394,0,0.0,2026-08-13,31.0,1.0,1.0,0,0.0
2026-08-13,THURSDAY,64,Present,0,2.0,1.0,34,49,94.11764705882352,0,0.0,2026-08-14,32.0,1.0,1.0,0,0.0
2026-08-14,FRIDAY,64,Present,0,2.0,1.0,35,49,94.28571428571428,0,0.0,2026-08-17,33.0,0.0,1.0,1,0.0
2026-08-17,MONDAY,64,Present,0,2.0,1.0,36,49,94.44444444444444,1,0.0,2026-08-18,34.0,0.0,1.0,0,0.0
2026-08-18,TUESDAY,64,Present,0,2.0,0.0,37,49,94.5945945945946,0,0.0,2026-08-19,35.0,0.0,1.0,0,0.0
2026-08-19,WEDNESDAY,64,Present,0,2.0,0.0,38,49,94.73684210526315,0,0.0,2026-08-20,36.0,0.0,1.0,0,0.0
2026-08-20,THURSDAY,64,Present,0,2.0,0.0,39,49,94.87179487179486,0,0.0,2026-08-21,37.0,0.0,1.0,0,0.0
2026-08-21,FRIDAY,64,Present,0,2.0,0.0,40,49,95.0,0,0.0,2026-08-22,38.0,0.0,1.0,1,0.0
2026-08-22,SATURDAY,64,Present,0,2.0,0.0,41,49,95.1219512195122,0,0.0,2026-08-24,39.0,0.0,1.0,0,0.0
2026-08-24,MONDAY,64,Present,0,2.0,0.0,42,49,95.23809523809523,1,0.0,2026-08-25,40.0,0.0,0.0,0,0.0
2026-08-25,TUESDAY,64,Present,0,2.0,0.0,43,49,95.34883720930233,0,0.0,2026-08-26,41.0,0.0,0.0,0,0.0
2026-08-26,WEDNESDAY,64,Present,0,2.0,0.0,44,49,95.45454545454545,0,0.0,2026-08-27,42.0,0.0,0.0,0,0.0
2026-08-27,THURSDAY,64,Present,0,2.0,0.0,45,49,95.55555555555556,0,0.0,2026-08-28,43.0,0.0,0.0,0,0.0
2026-08-28,FRIDAY,64,Present,0,2.0,0.0,46,49,95.65217391304348,0,0.0,2026-08-29,44.0,0.0,0.0,1,0.0
2026-08-29,SATURDAY,64,Present,0,2.0,0.0,47,49,95.74468085106383,0,0.0,2026-08-31,45.0,0.0,0.0,0,0.0
2026-08-31,MONDAY,64,Present,0,2.0,0.0,48,49,95.83333333333334,1,0.0,2026-09-01,46.0,0.0,0.0,0,0.0
2026-09-01,TUESDAY,64,Present,0,2.0,0.0,49,49,95.91836734693877,0,0.0,2026-09-02,47.0,0.0,0.0,0,0.0
2026-09-02,WEDNESDAY,64,Present,0,2.0,0.0,50,49,96.0,0,0.0,2026-09-03,48.0,0.0,0.0,0,0.0
2026-09-03,THURSDAY,64,Present,0,2.0,0.0,51,49,96.07843137254902,0,,,49.0,0.0,0.0,0,0.0
2026-07-01,WEDNESDAY,65,Present,0,0.0,0.0,0,48,0.0,0,0.0,2026-07-02,0.0,0.0,0.0,0,0.0
2026-07-02,THURSDAY,65,Present,0,0.0,0.0,1,48,100.0,0,0.0,2026-07-03,1.0,0.0,0.0,0,0.0
2026-07-03,FRIDAY,65,Present,0,0.0,0.0,2,48,100.0,0,0.0,2026-07-04,2.0,0.0,0.0,1,0.0
2026-07-04,SATURDAY,65,Present,0,0.0,0.0,3,48,100.0,0,0.0,2026-07-06,3.0,0.0,0.0,0,0.0
2026-07-06,MONDAY,65,Present,0,0.0,0.0,4,48,100.0,1,0.0,2026-07-07,4.0,0.0,0.0,0,0.0
2026-07-07,TUESDAY,65,Present,0,0.0,0.0,5,48,100.0,0,0.0,2026-07-08,5.0,0.0,0.0,0,0.0
2026-07-08,WEDNESDAY,65,Present,0,0.0,0.0,6,48,100.0,0,0.0,2026-07-09,6.0,0.0,0.0,0,0.0
2026-07-09,THURSDAY,65,Present,0,0.0,0.0,7,48,100.0,0,0.0,2026-07-10,7.0,0.0,0.0,0,0.0
2026-07-10,FRIDAY,65,Present,0,0.0,0.0,8,48,100.0,0,0.0,2026-07-13,8.0,0.0,0.0,1,0.0
2026-07-13,MONDAY,65,Present,0,0.0,0.0,9,48,100.0,1,0.0,2026-07-14,9.0,0.0,0.0,0,0.0
2026-07-14,TUESDAY,65,Present,0,0.0,0.0,10,48,100.0,0,0.0,2026-07-15,10.0,0.0,0.0,0,0.0
2026-07-15,WEDNESDAY,65,Present,0,0.0,0.0,11,48,100.0,0,0.0,2026-07-16,11.0,0.0,0.0,0,0.0
2026-07-16,THURSDAY,65,Present,0,0.0,0.0,12,48,100.0,0,0.0,2026-07-17,12.0,0.0,0.0,0,0.0
2026-07-17,FRIDAY,65,Present,0,0.0,0.0,13,48,100.0,0,0.0,2026-07-20,13.0,0.0,0.0,1,0.0
2026-07-20,MONDAY,65,Present,0,0.0,0.0,14,48,100.0,1,0.0,2026-07-21,14.0,0.0,0.0,0,0.0
2026-07-21,TUESDAY,65,Present,0,0.0,0.0,15,48,100.0,0,0.0,2026-07-22,15.0,0.0,0.0,0,0.0
2026-07-22,WEDNESDAY,65,Present,0,0.0,0.0,16,48,100.0,0,0.0,2026-07-23,16.0,0.0,0.0,0,0.0
2026-07-23,THURSDAY,65,Present,0,0.0,0.0,17,48,100.0,0,1.0,2026-07-24,17.0,0.0,0.0,0,0.0
2026-07-24,FRIDAY,65,Absent,1,0.0,0.0,18,48,100.0,0,0.0,2026-07-25,18.0,0.0,0.0,1,0.0
2026-07-25,SATURDAY,65,Present,0,1.0,1.0,19,48,94.73684210526315,0,0.0,2026-07-27,18.0,1.0,1.0,0,1.0
2026-07-27,MONDAY,65,Present,0,1.0,1.0,20,48,95.0,1,1.0,2026-07-28,19.0,1.0,1.0,0,0.0
2026-07-28,TUESDAY,65,Absent,1,1.0,1.0,21,48,95.23809523809523,0,0.0,2026-07-29,20.0,1.0,1.0,0,0.0
2026-07-29,WEDNESDAY,65,Present,0,2.0,2.0,22,48,90.9090909090909,0,0.0,2026-07-30,20.0,1.0,2.0,0,1.0
2026-07-30,THURSDAY,65,Present,0,2.0,2.0,23,48,91.30434782608695,0,0.0,2026-07-31,21.0,1.0,2.0,0,0.0
2026-07-31,FRIDAY,65,Present,0,2.0,1.0,24,48,91.66666666666666,0,0.0,2026-08-03,22.0,1.0,2.0,1,0.0
2026-08-03,MONDAY,65,Present,0,2.0,1.0,25,48,92.0,1,0.0,2026-08-04,23.0,0.0,2.0,0,0.0
2026-08-04,TUESDAY,65,Present,0,2.0,1.0,26,48,92.3076923076923,0,0.0,2026-08-05,24.0,0.0,2.0,0,0.0
2026-08-05,WEDNESDAY,65,Present,0,2.0,0.0,27,48,92.5925925925926,0,0.0,2026-08-06,25.0,0.0,2.0,0,0.0
2026-08-06,THURSDAY,65,Present,0,2.0,0.0,28,48,92.85714285714286,0,0.0,2026-08-07,26.0,0.0,2.0,0,0.0
2026-08-07,FRIDAY,65,Present,0,2.0,0.0,29,48,93.10344827586206,0,0.0,2026-08-08,27.0,0.0,1.0,1,0.0
2026-08-08,SATURDAY,65,Present,0,2.0,0.0,30,48,93.33333333333333,0,0.0,2026-08-10,28.0,0.0,1.0,0,0.0
2026-08-10,MONDAY,65,Present,0,2.0,0.0,31,48,93.54838709677419,1,0.0,2026-08-11,29.0,0.0,1.0,0,0.0
2026-08-11,TUESDAY,65,Present,0,2.0,0.0,32,48,93.75,0,0.0,2026-08-12,30.0,0.0,0.0,0,0.0
2026-08-12,WEDNESDAY,65,Present,0,2.0,0.0,33,48,93.93939393939394,0,0.0,2026-08-13,31.0,0.0,0.0,0,0.0
2026-08-13,THURSDAY,65,Present,0,2.0,0.0,34,48,94.11764705882352,0,1.0,2026-08-14,32.0,0.0,0.0,0,0.0
2026-08-14,FRIDAY,65,Absent,1,2.0,0.0,35,48,94.28571428571428,0,0.0,2026-08-17,33.0,0.0,0.0,1,0.0
2026-08-17,MONDAY,65,Present,0,3.0,1.0,36,48,91.66666666666666,1,0.0,2026-08-18,33.0,1.0,1.0,0,1.0
2026-08-18,TUESDAY,65,Present,0,3.0,1.0,37,48,91.8918918918919,0,0.0,2026-08-19,34.0,1.0,1.0,0,0.0
2026-08-19,WEDNESDAY,65,Present,0,3.0,1.0,38,48,92.10526315789474,0,0.0,2026-08-20,35.0,1.0,1.0,0,0.0
2026-08-20,THURSDAY,65,Present,0,3.0,1.0,39,48,92.3076923076923,0,0.0,2026-08-21,36.0,0.0,1.0,0,0.0
2026-08-21,FRIDAY,65,Present,0,3.0,1.0,40,48,92.5,0,0.0,2026-08-22,37.0,0.0,1.0,1,0.0
2026-08-22,SATURDAY,65,Present,0,3.0,0.0,41,48,92.6829268292683,0,0.0,2026-08-24,38.0,0.0,1.0,0,0.0
2026-08-24,MONDAY,65,Present,0,3.0,0.0,42,48,92.85714285714286,1,0.0,2026-08-25,39.0,0.0,1.0,0,0.0
2026-08-25,TUESDAY,65,Present,0,3.0,0.0,43,48,93.02325581395348,0,0.0,2026-08-26,40.0,0.0,1.0,0,0.0
2026-08-26,WEDNESDAY,65,Present,0,3.0,0.0,44,48,93.18181818181817,0,0.0,2026-08-27,41.0,0.0,1.0,0,0.0
2026-08-27,THURSDAY,65,Present,0,3.0,0.0,45,48,93.33333333333333,0,0.0,2026-08-28,42.0,0.0,1.0,0,0.0
2026-08-28,FRIDAY,65,Present,0,3.0,0.0,46,48,93.47826086956522,0,0.0,2026-08-29,43.0,0.0,0.0,1,0.0
2026-08-29,SATURDAY,65,Present,0,3.0,0.0,47,48,93.61702127659575,0,0.0,2026-08-31,44.0,0.0,0.0,0,0.0
2026-08-31,MONDAY,65,Present,0,3.0,0.0,48,48,93.75,1,0.0,2026-09-01,45.0,0.0,0.0,0,0.0
2026-09-01,TUESDAY,65,Present,0,3.0,0.0,49,48,93.87755102040816,0,0.0,2026-09-02,46.0,0.0,0.0,0,0.0
2026-09-02,WEDNESDAY,65,Present,0,3.0,0.0,50,48,94.0,0,1.0,2026-09-03,47.0,0.0,0.0,0,0.0
2026-09-03,THURSDAY,65,Absent,1,3.0,0.0,51,48,94.11764705882352,0,,,48.0,0.0,0.0,0,0.0
2026-07-01,WEDNESDAY,66,Present,0,0.0,0.0,0,48,0.0,0,0.0,2026-07-02,0.0,0.0,0.0,0,0.0
2026-07-02,THURSDAY,66,Present,0,0.0,0.0,1,48,100.0,0,0.0,2026-07-03,1.0,0.0,0.0,0,0.0
2026-07-03,FRIDAY,66,Present,0,0.0,0.0,2,48,100.0,0,0.0,2026-07-04,2.0,0.0,0.0,1,0.0
2026-07-04,SATURDAY,66,Present,0,0.0,0.0,3,48,100.0,0,0.0,2026-07-06,3.0,0.0,0.0,0,0.0
2026-07-06,MONDAY,66,Present,0,0.0,0.0,4,48,100.0,1,0.0,2026-07-07,4.0,0.0,0.0,0,0.0
2026-07-07,TUESDAY,66,Present,0,0.0,0.0,5,48,100.0,0,0.0,2026-07-08,5.0,0.0,0.0,0,0.0
2026-07-08,WEDNESDAY,66,Present,0,0.0,0.0,6,48,100.0,0,0.0,2026-07-09,6.0,0.0,0.0,0,0.0
2026-07-09,THURSDAY,66,Present,0,0.0,0.0,7,48,100.0,0,0.0,2026-07-10,7.0,0.0,0.0,0,0.0
2026-07-10,FRIDAY,66,Present,0,0.0,0.0,8,48,100.0,0,0.0,2026-07-13,8.0,0.0,0.0,1,0.0
2026-07-13,MONDAY,66,Present,0,0.0,0.0,9,48,100.0,1,0.0,2026-07-14,9.0,0.0,0.0,0,0.0
2026-07-14,TUESDAY,66,Present,0,0.0,0.0,10,48,100.0,0,0.0,2026-07-15,10.0,0.0,0.0,0,0.0
2026-07-15,WEDNESDAY,66,Present,0,0.0,0.0,11,48,100.0,0,0.0,2026-07-16,11.0,0.0,0.0,0,0.0
2026-07-16,THURSDAY,66,Present,0,0.0,0.0,12,48,100.0,0,0.0,2026-07-17,12.0,0.0,0.0,0,0.0
2026-07-17,FRIDAY,66,Present,0,0.0,0.0,13,48,100.0,0,0.0,2026-07-20,13.0,0.0,0.0,1,0.0
2026-07-20,MONDAY,66,Present,0,0.0,0.0,14,48,100.0,1,0.0,2026-07-21,14.0,0.0,0.0,0,0.0
2026-07-21,TUESDAY,66,Present,0,0.0,0.0,15,48,100.0,0,0.0,2026-07-22,15.0,0.0,0.0,0,0.0
2026-07-22,WEDNESDAY,66,Present,0,0.0,0.0,16,48,100.0,0,0.0,2026-07-23,16.0,0.0,0.0,0,0.0
2026-07-23,THURSDAY,66,Present,0,0.0,0.0,17,48,100.0,0,0.0,2026-07-24,17.0,0.0,0.0,0,0.0
2026-07-24,FRIDAY,66,Present,0,0.0,0.0,18,48,100.0,0,0.0,2026-07-25,18.0,0.0,0.0,1,0.0
2026-07-25,SATURDAY,66,Present,0,0.0,0.0,19,48,100.0,0,0.0,2026-07-27,19.0,0.0,0.0,0,0.0
2026-07-27,MONDAY,66,Present,0,0.0,0.0,20,48,100.0,1,0.0,2026-07-28,20.0,0.0,0.0,0,0.0
2026-07-28,TUESDAY,66,Present,0,0.0,0.0,21,48,100.0,0,0.0,2026-07-29,21.0,0.0,0.0,0,0.0
2026-07-29,WEDNESDAY,66,Present,0,0.0,0.0,22,48,100.0,0,0.0,2026-07-30,22.0,0.0,0.0,0,0.0
2026-07-30,THURSDAY,66,Present,0,0.0,0.0,23,48,100.0,0,1.0,2026-07-31,23.0,0.0,0.0,0,0.0
2026-07-31,FRIDAY,66,Absent,1,0.0,0.0,24,48,100.0,0,0.0,2026-08-03,24.0,0.0,0.0,1,0.0
2026-08-03,MONDAY,66,Present,0,1.0,1.0,25,48,96.0,1,0.0,2026-08-04,24.0,1.0,1.0,0,1.0
2026-08-04,TUESDAY,66,Present,0,1.0,1.0,26,48,96.15384615384616,0,0.0,2026-08-05,25.0,1.0,1.0,0,0.0
2026-08-05,WEDNESDAY,66,Present,0,1.0,1.0,27,48,96.29629629629629,0,0.0,2026-08-06,26.0,1.0,1.0,0,0.0
2026-08-06,THURSDAY,66,Present,0,1.0,1.0,28,48,96.42857142857143,0,0.0,2026-08-07,27.0,0.0,1.0,0,0.0
2026-08-07,FRIDAY,66,Present,0,1.0,1.0,29,48,96.55172413793103,0,0.0,2026-08-08,28.0,0.0,1.0,1,0.0
2026-08-08,SATURDAY,66,Present,0,1.0,0.0,30,48,96.66666666666667,0,1.0,2026-08-10,29.0,0.0,1.0,0,0.0
2026-08-10,MONDAY,66,Absent,1,1.0,0.0,31,48,96.7741935483871,1,0.0,2026-08-11,30.0,0.0,1.0,0,0.0
2026-08-11,TUESDAY,66,Present,0,2.0,1.0,32,48,93.75,0,0.0,2026-08-12,30.0,1.0,2.0,0,1.0
2026-08-12,WEDNESDAY,66,Present,0,2.0,1.0,33,48,93.93939393939394,0,0.0,2026-08-13,31.0,1.0,2.0,0,0.0
2026-08-13,THURSDAY,66,Present,0,2.0,1.0,34,48,94.11764705882352,0,0.0,2026-08-14,32.0,1.0,2.0,0,0.0
2026-08-14,FRIDAY,66,Present,0,2.0,1.0,35,48,94.28571428571428,0,0.0,2026-08-17,33.0,0.0,1.0,1,0.0
2026-08-17,MONDAY,66,Present,0,2.0,1.0,36,48,94.44444444444444,1,0.0,2026-08-18,34.0,0.0,1.0,0,0.0
2026-08-18,TUESDAY,66,Present,0,2.0,0.0,37,48,94.5945945945946,0,0.0,2026-08-19,35.0,0.0,1.0,0,0.0
2026-08-19,WEDNESDAY,66,Present,0,2.0,0.0,38,48,94.73684210526315,0,0.0,2026-08-20,36.0,0.0,1.0,0,0.0
2026-08-20,THURSDAY,66,Present,0,2.0,0.0,39,48,94.87179487179486,0,0.0,2026-08-21,37.0,0.0,1.0,0,0.0
2026-08-21,FRIDAY,66,Present,0,2.0,0.0,40,48,95.0,0,0.0,2026-08-22,38.0,0.0,1.0,1,0.0
2026-08-22,SATURDAY,66,Present,0,2.0,0.0,41,48,95.1219512195122,0,0.0,2026-08-24,39.0,0.0,1.0,0,0.0
2026-08-24,MONDAY,66,Present,0,2.0,0.0,42,48,95.23809523809523,1,0.0,2026-08-25,40.0,0.0,0.0,0,0.0
2026-08-25,TUESDAY,66,Present,0,2.0,0.0,43,48,95.34883720930233,0,0.0,2026-08-26,41.0,0.0,0.0,0,0.0
2026-08-26,WEDNESDAY,66,Present,0,2.0,0.0,44,48,95.45454545454545,0,1.0,2026-08-27,42.0,0.0,0.0,0,0.0
2026-08-27,THURSDAY,66,Absent,1,2.0,0.0,45,48,95.55555555555556,0,0.0,2026-08-28,43.0,0.0,0.0,0,0.0
2026-08-28,FRIDAY,66,Present,0,3.0,1.0,46,48,93.47826086956522,0,0.0,2026-08-29,43.0,1.0,1.0,1,1.0
2026-08-29,SATURDAY,66,Present,0,3.0,1.0,47,48,93.61702127659575,0,0.0,2026-08-31,44.0,1.0,1.0,0,0.0
2026-08-31,MONDAY,66,Present,0,3.0,1.0,48,48,93.75,1,0.0,2026-09-01,45.0,1.0,1.0,0,0.0
2026-09-01,TUESDAY,66,Present,0,3.0,1.0,49,48,93.87755102040816,0,0.0,2026-09-02,46.0,0.0,1.0,0,0.0
2026-09-02,WEDNESDAY,66,Present,0,3.0,1.0,50,48,94.0,0,0.0,2026-09-03,47.0,0.0,1.0,0,0.0
2026-09-03,THURSDAY,66,Present,0,3.0,0.0,51,48,94.11764705882352,0,,,48.0,0.0,1.0,0,0.0
2026-07-01,WEDNESDAY,67,Present,0,0.0,0.0,0,46,0.0,0,0.0,2026-07-02,0.0,0.0,0.0,0,0.0
2026-07-02,THURSDAY,67,Present,0,0.0,0.0,1,46,100.0,0,0.0,2026-07-03,1.0,0.0,0.0,0,0.0
2026-07-03,FRIDAY,67,Present,0,0.0,0.0,2,46,100.0,0,0.0,2026-07-04,2.0,0.0,0.0,1,0.0
2026-07-04,SATURDAY,67,Present,0,0.0,0.0,3,46,100.0,0,1.0,2026-07-06,3.0,0.0,0.0,0,0.0
2026-07-06,MONDAY,67,Absent,1,0.0,0.0,4,46,100.0,1,0.0,2026-07-07,4.0,0.0,0.0,0,0.0
2026-07-07,TUESDAY,67,Present,0,1.0,1.0,5,46,80.0,0,0.0,2026-07-08,4.0,1.0,1.0,0,1.0
2026-07-08,WEDNESDAY,67,Present,0,1.0,1.0,6,46,83.33333333333334,0,0.0,2026-07-09,5.0,1.0,1.0,0,0.0
2026-07-09,THURSDAY,67,Present,0,1.0,1.0,7,46,85.71428571428571,0,0.0,2026-07-10,6.0,1.0,1.0,0,0.0
2026-07-10,FRIDAY,67,Present,0,1.0,1.0,8,46,87.5,0,1.0,2026-07-13,7.0,0.0,1.0,1,0.0
2026-07-13,MONDAY,67,Absent,1,1.0,1.0,9,46,88.88888888888889,1,0.0,2026-07-14,8.0,0.0,1.0,0,0.0
2026-07-14,TUESDAY,67,Present,0,2.0,1.0,10,46,80.0,0,0.0,2026-07-15,8.0,1.0,2.0,0,1.0
2026-07-15,WEDNESDAY,67,Present,0,2.0,1.0,11,46,81.81818181818183,0,0.0,2026-07-16,9.0,1.0,2.0,0,0.0
2026-07-16,THURSDAY,67,Present,0,2.0,1.0,12,46,83.33333333333334,0,0.0,2026-07-17,10.0,1.0,2.0,0,0.0
2026-07-17,FRIDAY,67,Present,0,2.0,1.0,13,46,84.61538461538461,0,0.0,2026-07-20,11.0,0.0,2.0,1,0.0
2026-07-20,MONDAY,67,Present,0,2.0,1.0,14,46,85.71428571428571,1,0.0,2026-07-21,12.0,0.0,2.0,0,0.0
2026-07-21,TUESDAY,67,Present,0,2.0,0.0,15,46,86.66666666666667,0,0.0,2026-07-22,13.0,0.0,1.0,0,0.0
2026-07-22,WEDNESDAY,67,Present,0,2.0,0.0,16,46,87.5,0,1.0,2026-07-23,14.0,0.0,1.0,0,0.0
2026-07-23,THURSDAY,67,Absent,1,2.0,0.0,17,46,88.23529411764706,0,0.0,2026-07-24,15.0,0.0,1.0,0,0.0
2026-07-24,FRIDAY,67,Present,0,3.0,1.0,18,46,83.33333333333334,0,0.0,2026-07-25,15.0,1.0,2.0,1,1.0
2026-07-25,SATURDAY,67,Present,0,3.0,1.0,19,46,84.21052631578947,0,0.0,2026-07-27,16.0,1.0,2.0,0,0.0
2026-07-27,MONDAY,67,Present,0,3.0,1.0,20,46,85.0,1,0.0,2026-07-28,17.0,1.0,1.0,0,0.0
2026-07-28,TUESDAY,67,Present,0,3.0,1.0,21,46,85.71428571428571,0,0.0,2026-07-29,18.0,0.0,1.0,0,0.0
2026-07-29,WEDNESDAY,67,Present,0,3.0,1.0,22,46,86.36363636363636,0,0.0,2026-07-30,19.0,0.0,1.0,0,0.0
2026-07-30,THURSDAY,67,Present,0,3.0,0.0,23,46,86.95652173913044,0,0.0,2026-07-31,20.0,0.0,1.0,0,0.0
2026-07-31,FRIDAY,67,Present,0,3.0,0.0,24,46,87.5,0,0.0,2026-08-03,21.0,0.0,1.0,1,0.0
2026-08-03,MONDAY,67,Present,0,3.0,0.0,25,46,88.0,1,0.0,2026-08-04,22.0,0.0,1.0,0,0.0
2026-08-04,TUESDAY,67,Present,0,3.0,0.0,26,46,88.46153846153845,0,0.0,2026-08-05,23.0,0.0,1.0,0,0.0
2026-08-05,WEDNESDAY,67,Present,0,3.0,0.0,27,46,88.88888888888889,0,0.0,2026-08-06,24.0,0.0,1.0,0,0.0
2026-08-06,THURSDAY,67,Present,0,3.0,0.0,28,46,89.28571428571429,0,0.0,2026-08-07,25.0,0.0,0.0,0,0.0
2026-08-07,FRIDAY,67,Present,0,3.0,0.0,29,46,89.65517241379311,0,0.0,2026-08-08,26.0,0.0,0.0,1,0.0
2026-08-08,SATURDAY,67,Present,0,3.0,0.0,30,46,90.0,0,1.0,2026-08-10,27.0,0.0,0.0,0,0.0
2026-08-10,MONDAY,67,Absent,1,3.0,0.0,31,46,90.32258064516128,1,0.0,2026-08-11,28.0,0.0,0.0,0,0.0
2026-08-11,TUESDAY,67,Present,0,4.0,1.0,32,46,87.5,0,0.0,2026-08-12,28.0,1.0,1.0,0,1.0
2026-08-12,WEDNESDAY,67,Present,0,4.0,1.0,33,46,87.87878787878788,0,0.0,2026-08-13,29.0,1.0,1.0,0,0.0
2026-08-13,THURSDAY,67,Present,0,4.0,1.0,34,46,88.23529411764706,0,0.0,2026-08-14,30.0,1.0,1.0,0,0.0
2026-08-14,FRIDAY,67,Present,0,4.0,1.0,35,46,88.57142857142857,0,0.0,2026-08-17,31.0,0.0,1.0,1,0.0
2026-08-17,MONDAY,67,Present,0,4.0,1.0,36,46,88.88888888888889,1,0.0,2026-08-18,32.0,0.0,1.0,0,0.0
2026-08-18,TUESDAY,67,Present,0,4.0,0.0,37,46,89.1891891891892,0,0.0,2026-08-19,33.0,0.0,1.0,0,0.0
2026-08-19,WEDNESDAY,67,Present,0,4.0,0.0,38,46,89.47368421052632,0,0.0,2026-08-20,34.0,0.0,1.0,0,0.0
2026-08-20,THURSDAY,67,Present,0,4.0,0.0,39,46,89.74358974358975,0,0.0,2026-08-21,35.0,0.0,1.0,0,0.0
2026-08-21,FRIDAY,67,Present,0,4.0,0.0,40,46,90.0,0,0.0,2026-08-22,36.0,0.0,1.0,1,0.0
2026-08-22,SATURDAY,67,Present,0,4.0,0.0,41,46,90.2439024390244,0,0.0,2026-08-24,37.0,0.0,1.0,0,0.0
2026-08-24,MONDAY,67,Present,0,4.0,0.0,42,46,90.47619047619048,1,0.0,2026-08-25,38.0,0.0,0.0,0,0.0
2026-08-25,TUESDAY,67,Present,0,4.0,0.0,43,46,90.69767441860465,0,0.0,2026-08-26,39.0,0.0,0.0,0,0.0
2026-08-26,WEDNESDAY,67,Present,0,4.0,0.0,44,46,90.9090909090909,0,0.0,2026-08-27,40.0,0.0,0.0,0,0.0
2026-08-27,THURSDAY,67,Present,0,4.0,0.0,45,46,91.11111111111111,0,0.0,2026-08-28,41.0,0.0,0.0,0,0.0
2026-08-28,FRIDAY,67,Present,0,4.0,0.0,46,46,91.30434782608695,0,0.0,2026-08-29,42.0,0.0,0.0,1,0.0
2026-08-29,SATURDAY,67,Present,0,4.0,0.0,47,46,91.48936170212765,0,1.0,2026-08-31,43.0,0.0,0.0,0,0.0
2026-08-31,MONDAY,67,Absent,1,4.0,0.0,48,46,91.66666666666666,1,0.0,2026-09-01,44.0,0.0,0.0,0,0.0
2026-09-01,TUESDAY,67,Present,0,5.0,1.0,49,46,89.79591836734694,0,0.0,2026-09-02,44.0,1.0,1.0,0,1.0
2026-09-02,WEDNESDAY,67,Present,0,5.0,1.0,50,46,90.0,0,0.0,2026-09-03,45.0,1.0,1.0,0,0.0
2026-09-03,THURSDAY,67,Present,0,5.0,1.0,51,46,90.19607843137256,0,,,46.0,1.0,1.0,0,0.0
2026-07-01,WEDNESDAY,69,Absent,1,0.0,0.0,0,46,0.0,0,0.0,2026-07-02,0.0,0.0,0.0,0,0.0
2026-07-02,THURSDAY,69,Present,0,1.0,1.0,1,46,0.0,0,0.0,2026-07-03,0.0,1.0,1.0,0,1.0
2026-07-03,FRIDAY,69,Present,0,1.0,1.0,2,46,50.0,0,0.0,2026-07-04,1.0,1.0,1.0,1,0.0
2026-07-04,SATURDAY,69,Present,0,1.0,1.0,3,46,66.66666666666666,0,0.0,2026-07-06,2.0,1.0,1.0,0,0.0
2026-07-06,MONDAY,69,Present,0,1.0,1.0,4,46,75.0,1,0.0,2026-07-07,3.0,0.0,1.0,0,0.0
2026-07-07,TUESDAY,69,Present,0,1.0,1.0,5,46,80.0,0,0.0,2026-07-08,4.0,0.0,1.0,0,0.0
2026-07-08,WEDNESDAY,69,Present,0,1.0,0.0,6,46,83.33333333333334,0,0.0,2026-07-09,5.0,0.0,1.0,0,0.0
2026-07-09,THURSDAY,69,Present,0,1.0,0.0,7,46,85.71428571428571,0,0.0,2026-07-10,6.0,0.0,1.0,0,0.0
2026-07-10,FRIDAY,69,Present,0,1.0,0.0,8,46,87.5,0,0.0,2026-07-13,7.0,0.0,1.0,1,0.0
2026-07-13,MONDAY,69,Present,0,1.0,0.0,9,46,88.88888888888889,1,0.0,2026-07-14,8.0,0.0,1.0,0,0.0
2026-07-14,TUESDAY,69,Present,0,1.0,0.0,10,46,90.0,0,1.0,2026-07-15,9.0,0.0,1.0,0,0.0
2026-07-15,WEDNESDAY,69,Absent,1,1.0,0.0,11,46,90.9090909090909,0,0.0,2026-07-16,10.0,0.0,0.0,0,0.0
2026-07-16,THURSDAY,69,Present,0,2.0,1.0,12,46,83.33333333333334,0,0.0,2026-07-17,10.0,1.0,1.0,0,1.0
2026-07-17,FRIDAY,69,Present,0,2.0,1.0,13,46,84.61538461538461,0,0.0,2026-07-20,11.0,1.0,1.0,1,0.0
2026-07-20,MONDAY,69,Present,0,2.0,1.0,14,46,85.71428571428571,1,0.0,2026-07-21,12.0,1.0,1.0,0,0.0
2026-07-21,TUESDAY,69,Present,0,2.0,1.0,15,46,86.66666666666667,0,0.0,2026-07-22,13.0,0.0,1.0,0,0.0
2026-07-22,WEDNESDAY,69,Present,0,2.0,1.0,16,46,87.5,0,0.0,2026-07-23,14.0,0.0,1.0,0,0.0
2026-07-23,THURSDAY,69,Present,0,2.0,0.0,17,46,88.23529411764706,0,0.0,2026-07-24,15.0,0.0,1.0,0,0.0
2026-07-24,FRIDAY,69,Present,0,2.0,0.0,18,46,88.88888888888889,0,0.0,2026-07-25,16.0,0.0,1.0,1,0.0
2026-07-25,SATURDAY,69,Present,0,2.0,0.0,19,46,89.47368421052632,0,0.0,2026-07-27,17.0,0.0,1.0,0,0.0
2026-07-27,MONDAY,69,Present,0,2.0,0.0,20,46,90.0,1,1.0,2026-07-28,18.0,0.0,1.0,0,0.0
2026-07-28,TUESDAY,69,Absent,1,2.0,0.0,21,46,90.47619047619048,0,0.0,2026-07-29,19.0,0.0,1.0,0,0.0
2026-07-29,WEDNESDAY,69,Present,0,3.0,1.0,22,46,86.36363636363636,0,0.0,2026-07-30,19.0,1.0,1.0,0,1.0
2026-07-30,THURSDAY,69,Present,0,3.0,1.0,23,46,86.95652173913044,0,0.0,2026-07-31,20.0,1.0,1.0,0,0.0
2026-07-31,FRIDAY,69,Present,0,3.0,1.0,24,46,87.5,0,1.0,2026-08-03,21.0,1.0,1.0,1,0.0
2026-08-03,MONDAY,69,Absent,1,3.0,1.0,25,46,88.0,1,0.0,2026-08-04,22.0,0.0,1.0,0,0.0
2026-08-04,TUESDAY,69,Present,0,4.0,2.0,26,46,84.61538461538461,0,0.0,2026-08-05,22.0,1.0,2.0,0,1.0
2026-08-05,WEDNESDAY,69,Present,0,4.0,1.0,27,46,85.18518518518519,0,0.0,2026-08-06,23.0,1.0,2.0,0,0.0
2026-08-06,THURSDAY,69,Present,0,4.0,1.0,28,46,85.71428571428571,0,0.0,2026-08-07,24.0,1.0,2.0,0,0.0
2026-08-07,FRIDAY,69,Present,0,4.0,1.0,29,46,86.20689655172413,0,0.0,2026-08-08,25.0,0.0,2.0,1,0.0
2026-08-08,SATURDAY,69,Present,0,4.0,1.0,30,46,86.66666666666667,0,0.0,2026-08-10,26.0,0.0,2.0,0,0.0
2026-08-10,MONDAY,69,Present,0,4.0,0.0,31,46,87.09677419354838,1,0.0,2026-08-11,27.0,0.0,2.0,0,0.0
2026-08-11,TUESDAY,69,Present,0,4.0,0.0,32,46,87.5,0,0.0,2026-08-12,28.0,0.0,1.0,0,0.0
2026-08-12,WEDNESDAY,69,Present,0,4.0,0.0,33,46,87.87878787878788,0,0.0,2026-08-13,29.0,0.0,1.0,0,0.0
2026-08-13,THURSDAY,69,Present,0,4.0,0.0,34,46,88.23529411764706,0,1.0,2026-08-14,30.0,0.0,1.0,0,0.0
2026-08-14,FRIDAY,69,Absent,1,4.0,0.0,35,46,88.57142857142857,0,0.0,2026-08-17,31.0,0.0,1.0,1,0.0
2026-08-17,MONDAY,69,Present,0,5.0,1.0,36,46,86.11111111111111,1,0.0,2026-08-18,31.0,1.0,1.0,0,1.0
2026-08-18,TUESDAY,69,Present,0,5.0,1.0,37,46,86.48648648648648,0,0.0,2026-08-19,32.0,1.0,1.0,0,0.0
2026-08-19,WEDNESDAY,69,Present,0,5.0,1.0,38,46,86.8421052631579,0,0.0,2026-08-20,33.0,1.0,1.0,0,0.0
2026-08-20,THURSDAY,69,Present,0,5.0,1.0,39,46,87.17948717948718,0,0.0,2026-08-21,34.0,0.0,1.0,0,0.0
2026-08-21,FRIDAY,69,Present,0,5.0,1.0,40,46,87.5,0,0.0,2026-08-22,35.0,0.0,1.0,1,0.0
2026-08-22,SATURDAY,69,Present,0,5.0,0.0,41,46,87.8048780487805,0,0.0,2026-08-24,36.0,0.0,1.0,0,0.0
2026-08-24,MONDAY,69,Present,0,5.0,0.0,42,46,88.09523809523809,1,0.0,2026-08-25,37.0,0.0,1.0,0,0.0
2026-08-25,TUESDAY,69,Present,0,5.0,0.0,43,46,88.37209302325581,0,0.0,2026-08-26,38.0,0.0,1.0,0,0.0
2026-08-26,WEDNESDAY,69,Present,0,5.0,0.0,44,46,88.63636363636364,0,0.0,2026-08-27,39.0,0.0,1.0,0,0.0
2026-08-27,THURSDAY,69,Present,0,5.0,0.0,45,46,88.88888888888889,0,0.0,2026-08-28,40.0,0.0,1.0,0,0.0
2026-08-28,FRIDAY,69,Present,0,5.0,0.0,46,46,89.13043478260869,0,0.0,2026-08-29,41.0,0.0,0.0,1,0.0
2026-08-29,SATURDAY,69,Present,0,5.0,0.0,47,46,89.36170212765957,0,0.0,2026-08-31,42.0,0.0,0.0,0,0.0
2026-08-31,MONDAY,69,Present,0,5.0,0.0,48,46,89.58333333333334,1,0.0,2026-09-01,43.0,0.0,0.0,0,0.0
2026-09-01,TUESDAY,69,Present,0,5.0,0.0,49,46,89.79591836734694,0,0.0,2026-09-02,44.0,0.0,0.0,0,0.0
2026-09-02,WEDNESDAY,69,Present,0,5.0,0.0,50,46,90.0,0,0.0,2026-09-03,45.0,0.0,0.0,0,0.0
2026-09-03,THURSDAY,69,Present,0,5.0,0.0,51,46,90.19607843137256,0,,,46.0,0.0,0.0,0,0.0
2026-07-01,WEDNESDAY,70,Present,0,0.0,0.0,0,49,0.0,0,0.0,2026-07-02,0.0,0.0,0.0,0,0.0
2026-07-02,THURSDAY,70,Present,0,0.0,0.0,1,49,100.0,0,0.0,2026-07-03,1.0,0.0,0.0,0,0.0
2026-07-03,FRIDAY,70,Present,0,0.0,0.0,2,49,100.0,0,0.0,2026-07-04,2.0,0.0,0.0,1,0.0
2026-07-04,SATURDAY,70,Present,0,0.0,0.0,3,49,100.0,0,0.0,2026-07-06,3.0,0.0,0.0,0,0.0
2026-07-06,MONDAY,70,Present,0,0.0,0.0,4,49,100.0,1,0.0,2026-07-07,4.0,0.0,0.0,0,0.0
2026-07-07,TUESDAY,70,Present,0,0.0,0.0,5,49,100.0,0,0.0,2026-07-08,5.0,0.0,0.0,0,0.0
2026-07-08,WEDNESDAY,70,Present,0,0.0,0.0,6,49,100.0,0,0.0,2026-07-09,6.0,0.0,0.0,0,0.0
2026-07-09,THURSDAY,70,Present,0,0.0,0.0,7,49,100.0,0,0.0,2026-07-10,7.0,0.0,0.0,0,0.0
2026-07-10,FRIDAY,70,Present,0,0.0,0.0,8,49,100.0,0,0.0,2026-07-13,8.0,0.0,0.0,1,0.0
2026-07-13,MONDAY,70,Present,0,0.0,0.0,9,49,100.0,1,0.0,2026-07-14,9.0,0.0,0.0,0,0.0
2026-07-14,TUESDAY,70,Present,0,0.0,0.0,10,49,100.0,0,0.0,2026-07-15,10.0,0.0,0.0,0,0.0
2026-07-15,WEDNESDAY,70,Present,0,0.0,0.0,11,49,100.0,0,0.0,2026-07-16,11.0,0.0,0.0,0,0.0
2026-07-16,THURSDAY,70,Present,0,0.0,0.0,12,49,100.0,0,0.0,2026-07-17,12.0,0.0,0.0,0,0.0
2026-07-17,FRIDAY,70,Present,0,0.0,0.0,13,49,100.0,0,0.0,2026-07-20,13.0,0.0,0.0,1,0.0
2026-07-20,MONDAY,70,Present,0,0.0,0.0,14,49,100.0,1,0.0,2026-07-21,14.0,0.0,0.0,0,0.0
2026-07-21,TUESDAY,70,Present,0,0.0,0.0,15,49,100.0,0,0.0,2026-07-22,15.0,0.0,0.0,0,0.0
2026-07-22,WEDNESDAY,70,Present,0,0.0,0.0,16,49,100.0,0,0.0,2026-07-23,16.0,0.0,0.0,0,0.0
2026-07-23,THURSDAY,70,Present,0,0.0,0.0,17,49,100.0,0,0.0,2026-07-24,17.0,0.0,0.0,0,0.0
2026-07-24,FRIDAY,70,Present,0,0.0,0.0,18,49,100.0,0,0.0,2026-07-25,18.0,0.0,0.0,1,0.0
2026-07-25,SATURDAY,70,Present,0,0.0,0.0,19,49,100.0,0,0.0,2026-07-27,19.0,0.0,0.0,0,0.0
2026-07-27,MONDAY,70,Present,0,0.0,0.0,20,49,100.0,1,0.0,2026-07-28,20.0,0.0,0.0,0,0.0
2026-07-28,TUESDAY,70,Present,0,0.0,0.0,21,49,100.0,0,0.0,2026-07-29,21.0,0.0,0.0,0,0.0
2026-07-29,WEDNESDAY,70,Present,0,0.0,0.0,22,49,100.0,0,0.0,2026-07-30,22.0,0.0,0.0,0,0.0
2026-07-30,THURSDAY,70,Present,0,0.0,0.0,23,49,100.0,0,0.0,2026-07-31,23.0,0.0,0.0,0,0.0
2026-07-31,FRIDAY,70,Present,0,0.0,0.0,24,49,100.0,0,0.0,2026-08-03,24.0,0.0,0.0,1,0.0
2026-08-03,MONDAY,70,Present,0,0.0,0.0,25,49,100.0,1,0.0,2026-08-04,25.0,0.0,0.0,0,0.0
2026-08-04,TUESDAY,70,Present,0,0.0,0.0,26,49,100.0,0,0.0,2026-08-05,26.0,0.0,0.0,0,0.0
2026-08-05,WEDNESDAY,70,Present,0,0.0,0.0,27,49,100.0,0,0.0,2026-08-06,27.0,0.0,0.0,0,0.0
2026-08-06,THURSDAY,70,Present,0,0.0,0.0,28,49,100.0,0,0.0,2026-08-07,28.0,0.0,0.0,0,0.0
2026-08-07,FRIDAY,70,Present,0,0.0,0.0,29,49,100.0,0,0.0,2026-08-08,29.0,0.0,0.0,1,0.0
2026-08-08,SATURDAY,70,Present,0,0.0,0.0,30,49,100.0,0,0.0,2026-08-10,30.0,0.0,0.0,0,0.0
2026-08-10,MONDAY,70,Present,0,0.0,0.0,31,49,100.0,1,1.0,2026-08-11,31.0,0.0,0.0,0,0.0
2026-08-11,TUESDAY,70,Absent,1,0.0,0.0,32,49,100.0,0,0.0,2026-08-12,32.0,0.0,0.0,0,0.0
2026-08-12,WEDNESDAY,70,Present,0,1.0,1.0,33,49,96.96969696969697,0,0.0,2026-08-13,32.0,1.0,1.0,0,1.0
2026-08-13,THURSDAY,70,Present,0,1.0,1.0,34,49,97.05882352941177,0,0.0,2026-08-14,33.0,1.0,1.0,0,0.0
2026-08-14,FRIDAY,70,Present,0,1.0,1.0,35,49,97.14285714285714,0,0.0,2026-08-17,34.0,1.0,1.0,1,0.0
2026-08-17,MONDAY,70,Present,0,1.0,1.0,36,49,97.22222222222221,1,0.0,2026-08-18,35.0,0.0,1.0,0,0.0
2026-08-18,TUESDAY,70,Present,0,1.0,1.0,37,49,97.2972972972973,0,0.0,2026-08-19,36.0,0.0,1.0,0,0.0
2026-08-19,WEDNESDAY,70,Present,0,1.0,0.0,38,49,97.36842105263158,0,0.0,2026-08-20,37.0,0.0,1.0,0,0.0
2026-08-20,THURSDAY,70,Present,0,1.0,0.0,39,49,97.43589743589743,0,0.0,2026-08-21,38.0,0.0,1.0,0,0.0
2026-08-21,FRIDAY,70,Present,0,1.0,0.0,40,49,97.5,0,0.0,2026-08-22,39.0,0.0,1.0,1,0.0
2026-08-22,SATURDAY,70,Present,0,1.0,0.0,41,49,97.5609756097561,0,1.0,2026-08-24,40.0,0.0,1.0,0,0.0
2026-08-24,MONDAY,70,Absent,1,1.0,0.0,42,49,97.61904761904762,1,0.0,2026-08-25,41.0,0.0,1.0,0,0.0
2026-08-25,TUESDAY,70,Present,0,2.0,1.0,43,49,95.34883720930233,0,0.0,2026-08-26,41.0,1.0,1.0,0,1.0
2026-08-26,WEDNESDAY,70,Present,0,2.0,1.0,44,49,95.45454545454545,0,0.0,2026-08-27,42.0,1.0,1.0,0,0.0
2026-08-27,THURSDAY,70,Present,0,2.0,1.0,45,49,95.55555555555556,0,0.0,2026-08-28,43.0,1.0,1.0,0,0.0
2026-08-28,FRIDAY,70,Present,0,2.0,1.0,46,49,95.65217391304348,0,0.0,2026-08-29,44.0,0.0,1.0,1,0.0
2026-08-29,SATURDAY,70,Present,0,2.0,1.0,47,49,95.74468085106383,0,0.0,2026-08-31,45.0,0.0,1.0,0,0.0
2026-08-31,MONDAY,70,Present,0,2.0,0.0,48,49,95.83333333333334,1,0.0,2026-09-01,46.0,0.0,1.0,0,0.0
2026-09-01,TUESDAY,70,Present,0,2.0,0.0,49,49,95.91836734693877,0,0.0,2026-09-02,47.0,0.0,1.0,0,0.0
2026-09-02,WEDNESDAY,70,Present,0,2.0,0.0,50,49,96.0,0,0.0,2026-09-03,48.0,0.0,1.0,0,0.0
2026-09-03,THURSDAY,70,Present,0,2.0,0.0,51,49,96.07843137254902,0,,,49.0,0.0,1.0,0,0.0
2026-07-01,WEDNESDAY,71,Absent,1,0.0,0.0,0,46,0.0,0,1.0,2026-07-02,0.0,0.0,0.0,0,0.0
2026-07-02,THURSDAY,71,Absent,1,1.0,1.0,1,46,0.0,0,0.0,2026-07-03,0.0,1.0,1.0,0,1.0
2026-07-03,FRIDAY,71,Present,0,2.0,2.0,2,46,0.0,0,0.0,2026-07-04,0.0,2.0,2.0,1,1.0
2026-07-04,SATURDAY,71,Present,0,2.0,2.0,3,46,33.33333333333333,0,0.0,2026-07-06,1.0,2.0,2.0,0,0.0
2026-07-06,MONDAY,71,Present,0,2.0,2.0,4,46,50.0,1,0.0,2026-07-07,2.0,1.0,2.0,0,0.0
2026-07-07,TUESDAY,71,Present,0,2.0,2.0,5,46,60.0,0,0.0,2026-07-08,3.0,0.0,2.0,0,0.0
2026-07-08,WEDNESDAY,71,Present,0,2.0,1.0,6,46,66.66666666666666,0,0.0,2026-07-09,4.0,0.0,2.0,0,0.0
2026-07-09,THURSDAY,71,Present,0,2.0,0.0,7,46,71.42857142857143,0,0.0,2026-07-10,5.0,0.0,2.0,0,0.0
2026-07-10,FRIDAY,71,Present,0,2.0,0.0,8,46,75.0,0,0.0,2026-07-13,6.0,0.0,2.0,1,0.0
2026-07-13,MONDAY,71,Present,0,2.0,0.0,9,46,77.77777777777779,1,0.0,2026-07-14,7.0,0.0,2.0,0,0.0
2026-07-14,TUESDAY,71,Present,0,2.0,0.0,10,46,80.0,0,0.0,2026-07-15,8.0,0.0,2.0,0,0.0
2026-07-15,WEDNESDAY,71,Present,0,2.0,0.0,11,46,81.81818181818183,0,0.0,2026-07-16,9.0,0.0,1.0,0,0.0
2026-07-16,THURSDAY,71,Present,0,2.0,0.0,12,46,83.33333333333334,0,0.0,2026-07-17,10.0,0.0,0.0,0,0.0
2026-07-17,FRIDAY,71,Present,0,2.0,0.0,13,46,84.61538461538461,0,0.0,2026-07-20,11.0,0.0,0.0,1,0.0
2026-07-20,MONDAY,71,Present,0,2.0,0.0,14,46,85.71428571428571,1,0.0,2026-07-21,12.0,0.0,0.0,0,0.0
2026-07-21,TUESDAY,71,Present,0,2.0,0.0,15,46,86.66666666666667,0,0.0,2026-07-22,13.0,0.0,0.0,0,0.0
2026-07-22,WEDNESDAY,71,Present,0,2.0,0.0,16,46,87.5,0,1.0,2026-07-23,14.0,0.0,0.0,0,0.0
2026-07-23,THURSDAY,71,Absent,1,2.0,0.0,17,46,88.23529411764706,0,0.0,2026-07-24,15.0,0.0,0.0,0,0.0
2026-07-24,FRIDAY,71,Present,0,3.0,1.0,18,46,83.33333333333334,0,0.0,2026-07-25,15.0,1.0,1.0,1,1.0
2026-07-25,SATURDAY,71,Present,0,3.0,1.0,19,46,84.21052631578947,0,0.0,2026-07-27,16.0,1.0,1.0,0,0.0
2026-07-27,MONDAY,71,Present,0,3.0,1.0,20,46,85.0,1,0.0,2026-07-28,17.0,1.0,1.0,0,0.0
2026-07-28,TUESDAY,71,Present,0,3.0,1.0,21,46,85.71428571428571,0,0.0,2026-07-29,18.0,0.0,1.0,0,0.0
2026-07-29,WEDNESDAY,71,Present,0,3.0,1.0,22,46,86.36363636363636,0,0.0,2026-07-30,19.0,0.0,1.0,0,0.0
2026-07-30,THURSDAY,71,Present,0,3.0,0.0,23,46,86.95652173913044,0,1.0,2026-07-31,20.0,0.0,1.0,0,0.0
2026-07-31,FRIDAY,71,Absent,1,3.0,0.0,24,46,87.5,0,0.0,2026-08-03,21.0,0.0,1.0,1,0.0
2026-08-03,MONDAY,71,Present,0,4.0,1.0,25,46,84.0,1,0.0,2026-08-04,21.0,1.0,2.0,0,1.0
2026-08-04,TUESDAY,71,Present,0,4.0,1.0,26,46,84.61538461538461,0,0.0,2026-08-05,22.0,1.0,2.0,0,0.0
2026-08-05,WEDNESDAY,71,Present,0,4.0,1.0,27,46,85.18518518518519,0,0.0,2026-08-06,23.0,1.0,2.0,0,0.0
2026-08-06,THURSDAY,71,Present,0,4.0,1.0,28,46,85.71428571428571,0,0.0,2026-08-07,24.0,0.0,1.0,0,0.0
2026-08-07,FRIDAY,71,Present,0,4.0,1.0,29,46,86.20689655172413,0,0.0,2026-08-08,25.0,0.0,1.0,1,0.0
2026-08-08,SATURDAY,71,Present,0,4.0,0.0,30,46,86.66666666666667,0,0.0,2026-08-10,26.0,0.0,1.0,0,0.0
2026-08-10,MONDAY,71,Present,0,4.0,0.0,31,46,87.09677419354838,1,0.0,2026-08-11,27.0,0.0,1.0,0,0.0
2026-08-11,TUESDAY,71,Present,0,4.0,0.0,32,46,87.5,0,0.0,2026-08-12,28.0,0.0,1.0,0,0.0
2026-08-12,WEDNESDAY,71,Present,0,4.0,0.0,33,46,87.87878787878788,0,0.0,2026-08-13,29.0,0.0,1.0,0,0.0
2026-08-13,THURSDAY,71,Present,0,4.0,0.0,34,46,88.23529411764706,0,0.0,2026-08-14,30.0,0.0,1.0,0,0.0
2026-08-14,FRIDAY,71,Present,0,4.0,0.0,35,46,88.57142857142857,0,0.0,2026-08-17,31.0,0.0,0.0,1,0.0
2026-08-17,MONDAY,71,Present,0,4.0,0.0,36,46,88.88888888888889,1,0.0,2026-08-18,32.0,0.0,0.0,0,0.0
2026-08-18,TUESDAY,71,Present,0,4.0,0.0,37,46,89.1891891891892,0,0.0,2026-08-19,33.0,0.0,0.0,0,0.0
2026-08-19,WEDNESDAY,71,Present,0,4.0,0.0,38,46,89.47368421052632,0,0.0,2026-08-20,34.0,0.0,0.0,0,0.0
2026-08-20,THURSDAY,71,Present,0,4.0,0.0,39,46,89.74358974358975,0,0.0,2026-08-21,35.0,0.0,0.0,0,0.0
2026-08-21,FRIDAY,71,Present,0,4.0,0.0,40,46,90.0,0,0.0,2026-08-22,36.0,0.0,0.0,1,0.0
2026-08-22,SATURDAY,71,Present,0,4.0,0.0,41,46,90.2439024390244,0,0.0,2026-08-24,37.0,0.0,0.0,0,0.0
2026-08-24,MONDAY,71,Present,0,4.0,0.0,42,46,90.47619047619048,1,0.0,2026-08-25,38.0,0.0,0.0,0,0.0
2026-08-25,TUESDAY,71,Present,0,4.0,0.0,43,46,90.69767441860465,0,0.0,2026-08-26,39.0,0.0,0.0,0,0.0
2026-08-26,WEDNESDAY,71,Present,0,4.0,0.0,44,46,90.9090909090909,0,0.0,2026-08-27,40.0,0.0,0.0,0,0.0
2026-08-27,THURSDAY,71,Present,0,4.0,0.0,45,46,91.11111111111111,0,0.0,2026-08-28,41.0,0.0,0.0,0,0.0
2026-08-28,FRIDAY,71,Present,0,4.0,0.0,46,46,91.30434782608695,0,0.0,2026-08-29,42.0,0.0,0.0,1,0.0
2026-08-29,SATURDAY,71,Present,0,4.0,0.0,47,46,91.48936170212765,0,1.0,2026-08-31,43.0,0.0,0.0,0,0.0
2026-08-31,MONDAY,71,Absent,1,4.0,0.0,48,46,91.66666666666666,1,0.0,2026-09-01,44.0,0.0,0.0,0,0.0
2026-09-01,TUESDAY,71,Present,0,5.0,1.0,49,46,89.79591836734694,0,0.0,2026-09-02,44.0,1.0,1.0,0,1.0
2026-09-02,WEDNESDAY,71,Present,0,5.0,1.0,50,46,90.0,0,0.0,2026-09-03,45.0,1.0,1.0,0,0.0
2026-09-03,THURSDAY,71,Present,0,5.0,1.0,51,46,90.19607843137256,0,,,46.0,1.0,1.0,0,0.0
2026-07-01,WEDNESDAY,72,Present,0,0.0,0.0,0,50,0.0,0,0.0,2026-07-02,0.0,0.0,0.0,0,0.0
2026-07-02,THURSDAY,72,Present,0,0.0,0.0,1,50,100.0,0,0.0,2026-07-03,1.0,0.0,0.0,0,0.0
2026-07-03,FRIDAY,72,Present,0,0.0,0.0,2,50,100.0,0,0.0,2026-07-04,2.0,0.0,0.0,1,0.0
2026-07-04,SATURDAY,72,Present,0,0.0,0.0,3,50,100.0,0,0.0,2026-07-06,3.0,0.0,0.0,0,0.0
2026-07-06,MONDAY,72,Present,0,0.0,0.0,4,50,100.0,1,0.0,2026-07-07,4.0,0.0,0.0,0,0.0
2026-07-07,TUESDAY,72,Present,0,0.0,0.0,5,50,100.0,0,0.0,2026-07-08,5.0,0.0,0.0,0,0.0
2026-07-08,WEDNESDAY,72,Present,0,0.0,0.0,6,50,100.0,0,0.0,2026-07-09,6.0,0.0,0.0,0,0.0
2026-07-09,THURSDAY,72,Present,0,0.0,0.0,7,50,100.0,0,0.0,2026-07-10,7.0,0.0,0.0,0,0.0
2026-07-10,FRIDAY,72,Present,0,0.0,0.0,8,50,100.0,0,0.0,2026-07-13,8.0,0.0,0.0,1,0.0
2026-07-13,MONDAY,72,Present,0,0.0,0.0,9,50,100.0,1,0.0,2026-07-14,9.0,0.0,0.0,0,0.0
2026-07-14,TUESDAY,72,Present,0,0.0,0.0,10,50,100.0,0,0.0,2026-07-15,10.0,0.0,0.0,0,0.0
2026-07-15,WEDNESDAY,72,Present,0,0.0,0.0,11,50,100.0,0,0.0,2026-07-16,11.0,0.0,0.0,0,0.0
2026-07-16,THURSDAY,72,Present,0,0.0,0.0,12,50,100.0,0,0.0,2026-07-17,12.0,0.0,0.0,0,0.0
2026-07-17,FRIDAY,72,Present,0,0.0,0.0,13,50,100.0,0,0.0,2026-07-20,13.0,0.0,0.0,1,0.0
2026-07-20,MONDAY,72,Present,0,0.0,0.0,14,50,100.0,1,0.0,2026-07-21,14.0,0.0,0.0,0,0.0
2026-07-21,TUESDAY,72,Present,0,0.0,0.0,15,50,100.0,0,0.0,2026-07-22,15.0,0.0,0.0,0,0.0
2026-07-22,WEDNESDAY,72,Present,0,0.0,0.0,16,50,100.0,0,0.0,2026-07-23,16.0,0.0,0.0,0,0.0
2026-07-23,THURSDAY,72,Present,0,0.0,0.0,17,50,100.0,0,0.0,2026-07-24,17.0,0.0,0.0,0,0.0
2026-07-24,FRIDAY,72,Present,0,0.0,0.0,18,50,100.0,0,0.0,2026-07-25,18.0,0.0,0.0,1,0.0
2026-07-25,SATURDAY,72,Present,0,0.0,0.0,19,50,100.0,0,0.0,2026-07-27,19.0,0.0,0.0,0,0.0
2026-07-27,MONDAY,72,Present,0,0.0,0.0,20,50,100.0,1,0.0,2026-07-28,20.0,0.0,0.0,0,0.0
2026-07-28,TUESDAY,72,Present,0,0.0,0.0,21,50,100.0,0,0.0,2026-07-29,21.0,0.0,0.0,0,0.0
2026-07-29,WEDNESDAY,72,Present,0,0.0,0.0,22,50,100.0,0,0.0,2026-07-30,22.0,0.0,0.0,0,0.0
2026-07-30,THURSDAY,72,Present,0,0.0,0.0,23,50,100.0,0,0.0,2026-07-31,23.0,0.0,0.0,0,0.0
2026-07-31,FRIDAY,72,Present,0,0.0,0.0,24,50,100.0,0,0.0,2026-08-03,24.0,0.0,0.0,1,0.0
2026-08-03,MONDAY,72,Present,0,0.0,0.0,25,50,100.0,1,0.0,2026-08-04,25.0,0.0,0.0,0,0.0
2026-08-04,TUESDAY,72,Present,0,0.0,0.0,26,50,100.0,0,0.0,2026-08-05,26.0,0.0,0.0,0,0.0
2026-08-05,WEDNESDAY,72,Present,0,0.0,0.0,27,50,100.0,0,0.0,2026-08-06,27.0,0.0,0.0,0,0.0
2026-08-06,THURSDAY,72,Present,0,0.0,0.0,28,50,100.0,0,0.0,2026-08-07,28.0,0.0,0.0,0,0.0
2026-08-07,FRIDAY,72,Present,0,0.0,0.0,29,50,100.0,0,0.0,2026-08-08,29.0,0.0,0.0,1,0.0
2026-08-08,SATURDAY,72,Present,0,0.0,0.0,30,50,100.0,0,1.0,2026-08-10,30.0,0.0,0.0,0,0.0
2026-08-10,MONDAY,72,Absent,1,0.0,0.0,31,50,100.0,1,0.0,2026-08-11,31.0,0.0,0.0,0,0.0
2026-08-11,TUESDAY,72,Present,0,1.0,1.0,32,50,96.875,0,0.0,2026-08-12,31.0,1.0,1.0,0,1.0
2026-08-12,WEDNESDAY,72,Present,0,1.0,1.0,33,50,96.96969696969697,0,0.0,2026-08-13,32.0,1.0,1.0,0,0.0
2026-08-13,THURSDAY,72,Present,0,1.0,1.0,34,50,97.05882352941177,0,0.0,2026-08-14,33.0,1.0,1.0,0,0.0
2026-08-14,FRIDAY,72,Present,0,1.0,1.0,35,50,97.14285714285714,0,0.0,2026-08-17,34.0,0.0,1.0,1,0.0
2026-08-17,MONDAY,72,Present,0,1.0,1.0,36,50,97.22222222222221,1,0.0,2026-08-18,35.0,0.0,1.0,0,0.0
2026-08-18,TUESDAY,72,Present,0,1.0,0.0,37,50,97.2972972972973,0,0.0,2026-08-19,36.0,0.0,1.0,0,0.0
2026-08-19,WEDNESDAY,72,Present,0,1.0,0.0,38,50,97.36842105263158,0,0.0,2026-08-20,37.0,0.0,1.0,0,0.0
2026-08-20,THURSDAY,72,Present,0,1.0,0.0,39,50,97.43589743589743,0,0.0,2026-08-21,38.0,0.0,1.0,0,0.0
2026-08-21,FRIDAY,72,Present,0,1.0,0.0,40,50,97.5,0,0.0,2026-08-22,39.0,0.0,1.0,1,0.0
2026-08-22,SATURDAY,72,Present,0,1.0,0.0,41,50,97.5609756097561,0,0.0,2026-08-24,40.0,0.0,1.0,0,0.0
2026-08-24,MONDAY,72,Present,0,1.0,0.0,42,50,97.61904761904762,1,0.0,2026-08-25,41.0,0.0,0.0,0,0.0
2026-08-25,TUESDAY,72,Present,0,1.0,0.0,43,50,97.67441860465115,0,0.0,2026-08-26,42.0,0.0,0.0,0,0.0
2026-08-26,WEDNESDAY,72,Present,0,1.0,0.0,44,50,97.72727272727273,0,0.0,2026-08-27,43.0,0.0,0.0,0,0.0
2026-08-27,THURSDAY,72,Present,0,1.0,0.0,45,50,97.77777777777777,0,0.0,2026-08-28,44.0,0.0,0.0,0,0.0
2026-08-28,FRIDAY,72,Present,0,1.0,0.0,46,50,97.82608695652173,0,0.0,2026-08-29,45.0,0.0,0.0,1,0.0
2026-08-29,SATURDAY,72,Present,0,1.0,0.0,47,50,97.87234042553192,0,0.0,2026-08-31,46.0,0.0,0.0,0,0.0
2026-08-31,MONDAY,72,Present,0,1.0,0.0,48,50,97.91666666666666,1,0.0,2026-09-01,47.0,0.0,0.0,0,0.0
2026-09-01,TUESDAY,72,Present,0,1.0,0.0,49,50,97.95918367346938,0,0.0,2026-09-02,48.0,0.0,0.0,0,0.0
2026-09-02,WEDNESDAY,72,Present,0,1.0,0.0,50,50,98.0,0,0.0,2026-09-03,49.0,0.0,0.0,0,0.0
2026-09-03,THURSDAY,72,Present,0,1.0,0.0,51,50,98.0392156862745,0,,,50.0,0.0,0.0,0,0.0
2026-07-01,WEDNESDAY,73,Present,0,0.0,0.0,0,48,0.0,0,0.0,2026-07-02,0.0,0.0,0.0,0,0.0
2026-07-02,THURSDAY,73,Present,0,0.0,0.0,1,48,100.0,0,0.0,2026-07-03,1.0,0.0,0.0,0,0.0
2026-07-03,FRIDAY,73,Present,0,0.0,0.0,2,48,100.0,0,0.0,2026-07-04,2.0,0.0,0.0,1,0.0
2026-07-04,SATURDAY,73,Present,0,0.0,0.0,3,48,100.0,0,0.0,2026-07-06,3.0,0.0,0.0,0,0.0
2026-07-06,MONDAY,73,Present,0,0.0,0.0,4,48,100.0,1,0.0,2026-07-07,4.0,0.0,0.0,0,0.0
2026-07-07,TUESDAY,73,Present,0,0.0,0.0,5,48,100.0,0,0.0,2026-07-08,5.0,0.0,0.0,0,0.0
2026-07-08,WEDNESDAY,73,Present,0,0.0,0.0,6,48,100.0,0,1.0,2026-07-09,6.0,0.0,0.0,0,0.0
2026-07-09,THURSDAY,73,Absent,1,0.0,0.0,7,48,100.0,0,0.0,2026-07-10,7.0,0.0,0.0,0,0.0
2026-07-10,FRIDAY,73,Present,0,1.0,1.0,8,48,87.5,0,0.0,2026-07-13,7.0,1.0,1.0,1,1.0
2026-07-13,MONDAY,73,Present,0,1.0,1.0,9,48,88.88888888888889,1,0.0,2026-07-14,8.0,1.0,1.0,0,0.0
2026-07-14,TUESDAY,73,Present,0,1.0,1.0,10,48,90.0,0,0.0,2026-07-15,9.0,1.0,1.0,0,0.0
2026-07-15,WEDNESDAY,73,Present,0,1.0,1.0,11,48,90.9090909090909,0,0.0,2026-07-16,10.0,0.0,1.0,0,0.0
2026-07-16,THURSDAY,73,Present,0,1.0,1.0,12,48,91.66666666666666,0,0.0,2026-07-17,11.0,0.0,1.0,0,0.0
2026-07-17,FRIDAY,73,Present,0,1.0,0.0,13,48,92.3076923076923,0,0.0,2026-07-20,12.0,0.0,1.0,1,0.0
2026-07-20,MONDAY,73,Present,0,1.0,0.0,14,48,92.85714285714286,1,0.0,2026-07-21,13.0,0.0,1.0,0,0.0
2026-07-21,TUESDAY,73,Present,0,1.0,0.0,15,48,93.33333333333333,0,0.0,2026-07-22,14.0,0.0,1.0,0,0.0
2026-07-22,WEDNESDAY,73,Present,0,1.0,0.0,16,48,93.75,0,0.0,2026-07-23,15.0,0.0,1.0,0,0.0
2026-07-23,THURSDAY,73,Present,0,1.0,0.0,17,48,94.11764705882352,0,0.0,2026-07-24,16.0,0.0,1.0,0,0.0
2026-07-24,FRIDAY,73,Present,0,1.0,0.0,18,48,94.44444444444444,0,0.0,2026-07-25,17.0,0.0,0.0,1,0.0
2026-07-25,SATURDAY,73,Present,0,1.0,0.0,19,48,94.73684210526315,0,0.0,2026-07-27,18.0,0.0,0.0,0,0.0
2026-07-27,MONDAY,73,Present,0,1.0,0.0,20,48,95.0,1,0.0,2026-07-28,19.0,0.0,0.0,0,0.0
2026-07-28,TUESDAY,73,Present,0,1.0,0.0,21,48,95.23809523809523,0,0.0,2026-07-29,20.0,0.0,0.0,0,0.0
2026-07-29,WEDNESDAY,73,Present,0,1.0,0.0,22,48,95.45454545454545,0,0.0,2026-07-30,21.0,0.0,0.0,0,0.0
2026-07-30,THURSDAY,73,Present,0,1.0,0.0,23,48,95.65217391304348,0,0.0,2026-07-31,22.0,0.0,0.0,0,0.0
2026-07-31,FRIDAY,73,Present,0,1.0,0.0,24,48,95.83333333333334,0,0.0,2026-08-03,23.0,0.0,0.0,1,0.0
2026-08-03,MONDAY,73,Present,0,1.0,0.0,25,48,96.0,1,0.0,2026-08-04,24.0,0.0,0.0,0,0.0
2026-08-04,TUESDAY,73,Present,0,1.0,0.0,26,48,96.15384615384616,0,0.0,2026-08-05,25.0,0.0,0.0,0,0.0
2026-08-05,WEDNESDAY,73,Present,0,1.0,0.0,27,48,96.29629629629629,0,0.0,2026-08-06,26.0,0.0,0.0,0,0.0
2026-08-06,THURSDAY,73,Present,0,1.0,0.0,28,48,96.42857142857143,0,0.0,2026-08-07,27.0,0.0,0.0,0,0.0
2026-08-07,FRIDAY,73,Present,0,1.0,0.0,29,48,96.55172413793103,0,0.0,2026-08-08,28.0,0.0,0.0,1,0.0
2026-08-08,SATURDAY,73,Present,0,1.0,0.0,30,48,96.66666666666667,0,0.0,2026-08-10,29.0,0.0,0.0,0,0.0
2026-08-10,MONDAY,73,Present,0,1.0,0.0,31,48,96.7741935483871,1,1.0,2026-08-11,30.0,0.0,0.0,0,0.0
2026-08-11,TUESDAY,73,Absent,1,1.0,0.0,32,48,96.875,0,0.0,2026-08-12,31.0,0.0,0.0,0,0.0
2026-08-12,WEDNESDAY,73,Present,0,2.0,1.0,33,48,93.93939393939394,0,0.0,2026-08-13,31.0,1.0,1.0,0,1.0
2026-08-13,THURSDAY,73,Present,0,2.0,1.0,34,48,94.11764705882352,0,0.0,2026-08-14,32.0,1.0,1.0,0,0.0
2026-08-14,FRIDAY,73,Present,0,2.0,1.0,35,48,94.28571428571428,0,0.0,2026-08-17,33.0,1.0,1.0,1,0.0
2026-08-17,MONDAY,73,Present,0,2.0,1.0,36,48,94.44444444444444,1,0.0,2026-08-18,34.0,0.0,1.0,0,0.0
2026-08-18,TUESDAY,73,Present,0,2.0,1.0,37,48,94.5945945945946,0,0.0,2026-08-19,35.0,0.0,1.0,0,0.0
2026-08-19,WEDNESDAY,73,Present,0,2.0,0.0,38,48,94.73684210526315,0,0.0,2026-08-20,36.0,0.0,1.0,0,0.0
2026-08-20,THURSDAY,73,Present,0,2.0,0.0,39,48,94.87179487179486,0,0.0,2026-08-21,37.0,0.0,1.0,0,0.0
2026-08-21,FRIDAY,73,Present,0,2.0,0.0,40,48,95.0,0,0.0,2026-08-22,38.0,0.0,1.0,1,0.0
2026-08-22,SATURDAY,73,Present,0,2.0,0.0,41,48,95.1219512195122,0,0.0,2026-08-24,39.0,0.0,1.0,0,0.0
2026-08-24,MONDAY,73,Present,0,2.0,0.0,42,48,95.23809523809523,1,0.0,2026-08-25,40.0,0.0,1.0,0,0.0
2026-08-25,TUESDAY,73,Present,0,2.0,0.0,43,48,95.34883720930233,0,0.0,2026-08-26,41.0,0.0,0.0,0,0.0
2026-08-26,WEDNESDAY,73,Present,0,2.0,0.0,44,48,95.45454545454545,0,0.0,2026-08-27,42.0,0.0,0.0,0,0.0
2026-08-27,THURSDAY,73,Present,0,2.0,0.0,45,48,95.55555555555556,0,0.0,2026-08-28,43.0,0.0,0.0,0,0.0
2026-08-28,FRIDAY,73,Present,0,2.0,0.0,46,48,95.65217391304348,0,0.0,2026-08-29,44.0,0.0,0.0,1,0.0
2026-08-29,SATURDAY,73,Present,0,2.0,0.0,47,48,95.74468085106383,0,1.0,2026-08-31,45.0,0.0,0.0,0,0.0
2026-08-31,MONDAY,73,Absent,1,2.0,0.0,48,48,95.83333333333334,1,0.0,2026-09-01,46.0,0.0,0.0,0,0.0
2026-09-01,TUESDAY,73,Present,0,3.0,1.0,49,48,93.87755102040816,0,0.0,2026-09-02,46.0,1.0,1.0,0,1.0
2026-09-02,WEDNESDAY,73,Present,0,3.0,1.0,50,48,94.0,0,0.0,2026-09-03,47.0,1.0,1.0,0,0.0
2026-09-03,THURSDAY,73,Present,0,3.0,1.0,51,48,94.11764705882352,0,,,48.0,1.0,1.0,0,0.0
2026-07-01,WEDNESDAY,74,Present,0,0.0,0.0,0,48,0.0,0,0.0,2026-07-02,0.0,0.0,0.0,0,0.0
2026-07-02,THURSDAY,74,Present,0,0.0,0.0,1,48,100.0,0,0.0,2026-07-03,1.0,0.0,0.0,0,0.0
2026-07-03,FRIDAY,74,Present,0,0.0,0.0,2,48,100.0,0,0.0,2026-07-04,2.0,0.0,0.0,1,0.0
2026-07-04,SATURDAY,74,Present,0,0.0,0.0,3,48,100.0,0,0.0,2026-07-06,3.0,0.0,0.0,0,0.0
2026-07-06,MONDAY,74,Present,0,0.0,0.0,4,48,100.0,1,0.0,2026-07-07,4.0,0.0,0.0,0,0.0
2026-07-07,TUESDAY,74,Present,0,0.0,0.0,5,48,100.0,0,0.0,2026-07-08,5.0,0.0,0.0,0,0.0
2026-07-08,WEDNESDAY,74,Present,0,0.0,0.0,6,48,100.0,0,0.0,2026-07-09,6.0,0.0,0.0,0,0.0
2026-07-09,THURSDAY,74,Present,0,0.0,0.0,7,48,100.0,0,0.0,2026-07-10,7.0,0.0,0.0,0,0.0
2026-07-10,FRIDAY,74,Present,0,0.0,0.0,8,48,100.0,0,0.0,2026-07-13,8.0,0.0,0.0,1,0.0
2026-07-13,MONDAY,74,Present,0,0.0,0.0,9,48,100.0,1,0.0,2026-07-14,9.0,0.0,0.0,0,0.0
2026-07-14,TUESDAY,74,Present,0,0.0,0.0,10,48,100.0,0,0.0,2026-07-15,10.0,0.0,0.0,0,0.0
2026-07-15,WEDNESDAY,74,Present,0,0.0,0.0,11,48,100.0,0,0.0,2026-07-16,11.0,0.0,0.0,0,0.0
2026-07-16,THURSDAY,74,Present,0,0.0,0.0,12,48,100.0,0,0.0,2026-07-17,12.0,0.0,0.0,0,0.0
2026-07-17,FRIDAY,74,Present,0,0.0,0.0,13,48,100.0,0,0.0,2026-07-20,13.0,0.0,0.0,1,0.0
2026-07-20,MONDAY,74,Present,0,0.0,0.0,14,48,100.0,1,0.0,2026-07-21,14.0,0.0,0.0,0,0.0
2026-07-21,TUESDAY,74,Present,0,0.0,0.0,15,48,100.0,0,0.0,2026-07-22,15.0,0.0,0.0,0,0.0
2026-07-22,WEDNESDAY,74,Present,0,0.0,0.0,16,48,100.0,0,1.0,2026-07-23,16.0,0.0,0.0,0,0.0
2026-07-23,THURSDAY,74,Absent,1,0.0,0.0,17,48,100.0,0,0.0,2026-07-24,17.0,0.0,0.0,0,0.0
2026-07-24,FRIDAY,74,Present,0,1.0,1.0,18,48,94.44444444444444,0,0.0,2026-07-25,17.0,1.0,1.0,1,1.0
2026-07-25,SATURDAY,74,Present,0,1.0,1.0,19,48,94.73684210526315,0,0.0,2026-07-27,18.0,1.0,1.0,0,0.0
2026-07-27,MONDAY,74,Present,0,1.0,1.0,20,48,95.0,1,0.0,2026-07-28,19.0,1.0,1.0,0,0.0
2026-07-28,TUESDAY,74,Present,0,1.0,1.0,21,48,95.23809523809523,0,0.0,2026-07-29,20.0,0.0,1.0,0,0.0
2026-07-29,WEDNESDAY,74,Present,0,1.0,1.0,22,48,95.45454545454545,0,0.0,2026-07-30,21.0,0.0,1.0,0,0.0
2026-07-30,THURSDAY,74,Present,0,1.0,0.0,23,48,95.65217391304348,0,0.0,2026-07-31,22.0,0.0,1.0,0,0.0
2026-07-31,FRIDAY,74,Present,0,1.0,0.0,24,48,95.83333333333334,0,0.0,2026-08-03,23.0,0.0,1.0,1,0.0
2026-08-03,MONDAY,74,Present,0,1.0,0.0,25,48,96.0,1,0.0,2026-08-04,24.0,0.0,1.0,0,0.0
2026-08-04,TUESDAY,74,Present,0,1.0,0.0,26,48,96.15384615384616,0,0.0,2026-08-05,25.0,0.0,1.0,0,0.0
2026-08-05,WEDNESDAY,74,Present,0,1.0,0.0,27,48,96.29629629629629,0,0.0,2026-08-06,26.0,0.0,1.0,0,0.0
2026-08-06,THURSDAY,74,Present,0,1.0,0.0,28,48,96.42857142857143,0,1.0,2026-08-07,27.0,0.0,0.0,0,0.0
2026-08-07,FRIDAY,74,Absent,1,1.0,0.0,29,48,96.55172413793103,0,0.0,2026-08-08,28.0,0.0,0.0,1,0.0
2026-08-08,SATURDAY,74,Present,0,2.0,1.0,30,48,93.33333333333333,0,1.0,2026-08-10,28.0,1.0,1.0,0,1.0
2026-08-10,MONDAY,74,Absent,1,2.0,1.0,31,48,93.54838709677419,1,0.0,2026-08-11,29.0,1.0,1.0,0,0.0
2026-08-11,TUESDAY,74,Present,0,3.0,2.0,32,48,90.625,0,0.0,2026-08-12,29.0,2.0,2.0,0,1.0
2026-08-12,WEDNESDAY,74,Present,0,3.0,2.0,33,48,90.9090909090909,0,0.0,2026-08-13,30.0,1.0,2.0,0,0.0
2026-08-13,THURSDAY,74,Present,0,3.0,2.0,34,48,91.17647058823529,0,0.0,2026-08-14,31.0,1.0,2.0,0,0.0
2026-08-14,FRIDAY,74,Present,0,3.0,1.0,35,48,91.42857142857143,0,0.0,2026-08-17,32.0,0.0,2.0,1,0.0
2026-08-17,MONDAY,74,Present,0,3.0,1.0,36,48,91.66666666666666,1,0.0,2026-08-18,33.0,0.0,2.0,0,0.0
2026-08-18,TUESDAY,74,Present,0,3.0,0.0,37,48,91.8918918918919,0,0.0,2026-08-19,34.0,0.0,2.0,0,0.0
2026-08-19,WEDNESDAY,74,Present,0,3.0,0.0,38,48,92.10526315789474,0,0.0,2026-08-20,35.0,0.0,2.0,0,0.0
2026-08-20,THURSDAY,74,Present,0,3.0,0.0,39,48,92.3076923076923,0,0.0,2026-08-21,36.0,0.0,2.0,0,0.0
2026-08-21,FRIDAY,74,Present,0,3.0,0.0,40,48,92.5,0,0.0,2026-08-22,37.0,0.0,1.0,1,0.0
2026-08-22,SATURDAY,74,Present,0,3.0,0.0,41,48,92.6829268292683,0,0.0,2026-08-24,38.0,0.0,1.0,0,0.0
2026-08-24,MONDAY,74,Present,0,3.0,0.0,42,48,92.85714285714286,1,0.0,2026-08-25,39.0,0.0,0.0,0,0.0
2026-08-25,TUESDAY,74,Present,0,3.0,0.0,43,48,93.02325581395348,0,0.0,2026-08-26,40.0,0.0,0.0,0,0.0
2026-08-26,WEDNESDAY,74,Present,0,3.0,0.0,44,48,93.18181818181817,0,0.0,2026-08-27,41.0,0.0,0.0,0,0.0
2026-08-27,THURSDAY,74,Present,0,3.0,0.0,45,48,93.33333333333333,0,0.0,2026-08-28,42.0,0.0,0.0,0,0.0
2026-08-28,FRIDAY,74,Present,0,3.0,0.0,46,48,93.47826086956522,0,0.0,2026-08-29,43.0,0.0,0.0,1,0.0
2026-08-29,SATURDAY,74,Present,0,3.0,0.0,47,48,93.61702127659575,0,0.0,2026-08-31,44.0,0.0,0.0,0,0.0
2026-08-31,MONDAY,74,Present,0,3.0,0.0,48,48,93.75,1,0.0,2026-09-01,45.0,0.0,0.0,0,0.0
2026-09-01,TUESDAY,74,Present,0,3.0,0.0,49,48,93.87755102040816,0,0.0,2026-09-02,46.0,0.0,0.0,0,0.0
2026-09-02,WEDNESDAY,74,Present,0,3.0,0.0,50,48,94.0,0,1.0,2026-09-03,47.0,0.0,0.0,0,0.0
2026-09-03,THURSDAY,74,Absent,1,3.0,0.0,51,48,94.11764705882352,0,,,48.0,0.0,0.0,0,0.0
2026-07-01,WEDNESDAY,75,Present,0,0.0,0.0,0,48,0.0,0,0.0,2026-07-02,0.0,0.0,0.0,0,0.0
2026-07-02,THURSDAY,75,Present,0,0.0,0.0,1,48,100.0,0,0.0,2026-07-03,1.0,0.0,0.0,0,0.0
2026-07-03,FRIDAY,75,Present,0,0.0,0.0,2,48,100.0,0,0.0,2026-07-04,2.0,0.0,0.0,1,0.0
2026-07-04,SATURDAY,75,Present,0,0.0,0.0,3,48,100.0,0,0.0,2026-07-06,3.0,0.0,0.0,0,0.0
2026-07-06,MONDAY,75,Present,0,0.0,0.0,4,48,100.0,1,0.0,2026-07-07,4.0,0.0,0.0,0,0.0
2026-07-07,TUESDAY,75,Present,0,0.0,0.0,5,48,100.0,0,0.0,2026-07-08,5.0,0.0,0.0,0,0.0
2026-07-08,WEDNESDAY,75,Present,0,0.0,0.0,6,48,100.0,0,0.0,2026-07-09,6.0,0.0,0.0,0,0.0
2026-07-09,THURSDAY,75,Present,0,0.0,0.0,7,48,100.0,0,0.0,2026-07-10,7.0,0.0,0.0,0,0.0
2026-07-10,FRIDAY,75,Present,0,0.0,0.0,8,48,100.0,0,0.0,2026-07-13,8.0,0.0,0.0,1,0.0
2026-07-13,MONDAY,75,Present,0,0.0,0.0,9,48,100.0,1,0.0,2026-07-14,9.0,0.0,0.0,0,0.0
2026-07-14,TUESDAY,75,Present,0,0.0,0.0,10,48,100.0,0,0.0,2026-07-15,10.0,0.0,0.0,0,0.0
2026-07-15,WEDNESDAY,75,Present,0,0.0,0.0,11,48,100.0,0,0.0,2026-07-16,11.0,0.0,0.0,0,0.0
2026-07-16,THURSDAY,75,Present,0,0.0,0.0,12,48,100.0,0,1.0,2026-07-17,12.0,0.0,0.0,0,0.0
2026-07-17,FRIDAY,75,Absent,1,0.0,0.0,13,48,100.0,0,0.0,2026-07-20,13.0,0.0,0.0,1,0.0
2026-07-20,MONDAY,75,Present,0,1.0,1.0,14,48,92.85714285714286,1,0.0,2026-07-21,13.0,1.0,1.0,0,1.0
2026-07-21,TUESDAY,75,Present,0,1.0,1.0,15,48,93.33333333333333,0,0.0,2026-07-22,14.0,1.0,1.0,0,0.0
2026-07-22,WEDNESDAY,75,Present,0,1.0,1.0,16,48,93.75,0,0.0,2026-07-23,15.0,1.0,1.0,0,0.0
2026-07-23,THURSDAY,75,Present,0,1.0,1.0,17,48,94.11764705882352,0,0.0,2026-07-24,16.0,0.0,1.0,0,0.0
2026-07-24,FRIDAY,75,Present,0,1.0,1.0,18,48,94.44444444444444,0,0.0,2026-07-25,17.0,0.0,1.0,1,0.0
2026-07-25,SATURDAY,75,Present,0,1.0,0.0,19,48,94.73684210526315,0,1.0,2026-07-27,18.0,0.0,1.0,0,0.0
2026-07-27,MONDAY,75,Absent,1,1.0,0.0,20,48,95.0,1,0.0,2026-07-28,19.0,0.0,1.0,0,0.0
2026-07-28,TUESDAY,75,Present,0,2.0,1.0,21,48,90.47619047619048,0,0.0,2026-07-29,19.0,1.0,2.0,0,1.0
2026-07-29,WEDNESDAY,75,Present,0,2.0,1.0,22,48,90.9090909090909,0,0.0,2026-07-30,20.0,1.0,2.0,0,0.0
2026-07-30,THURSDAY,75,Present,0,2.0,1.0,23,48,91.30434782608695,0,0.0,2026-07-31,21.0,1.0,2.0,0,0.0
2026-07-31,FRIDAY,75,Present,0,2.0,1.0,24,48,91.66666666666666,0,0.0,2026-08-03,22.0,0.0,1.0,1,0.0
2026-08-03,MONDAY,75,Present,0,2.0,1.0,25,48,92.0,1,0.0,2026-08-04,23.0,0.0,1.0,0,0.0
2026-08-04,TUESDAY,75,Present,0,2.0,0.0,26,48,92.3076923076923,0,0.0,2026-08-05,24.0,0.0,1.0,0,0.0
2026-08-05,WEDNESDAY,75,Present,0,2.0,0.0,27,48,92.5925925925926,0,0.0,2026-08-06,25.0,0.0,1.0,0,0.0
2026-08-06,THURSDAY,75,Present,0,2.0,0.0,28,48,92.85714285714286,0,0.0,2026-08-07,26.0,0.0,1.0,0,0.0
2026-08-07,FRIDAY,75,Present,0,2.0,0.0,29,48,93.10344827586206,0,0.0,2026-08-08,27.0,0.0,1.0,1,0.0
2026-08-08,SATURDAY,75,Present,0,2.0,0.0,30,48,93.33333333333333,0,1.0,2026-08-10,28.0,0.0,1.0,0,0.0
2026-08-10,MONDAY,75,Absent,1,2.0,0.0,31,48,93.54838709677419,1,0.0,2026-08-11,29.0,0.0,0.0,0,0.0
2026-08-11,TUESDAY,75,Present,0,3.0,1.0,32,48,90.625,0,0.0,2026-08-12,29.0,1.0,1.0,0,1.0
2026-08-12,WEDNESDAY,75,Present,0,3.0,1.0,33,48,90.9090909090909,0,0.0,2026-08-13,30.0,1.0,1.0,0,0.0
2026-08-13,THURSDAY,75,Present,0,3.0,1.0,34,48,91.17647058823529,0,0.0,2026-08-14,31.0,1.0,1.0,0,0.0
2026-08-14,FRIDAY,75,Present,0,3.0,1.0,35,48,91.42857142857143,0,0.0,2026-08-17,32.0,0.0,1.0,1,0.0
2026-08-17,MONDAY,75,Present,0,3.0,1.0,36,48,91.66666666666666,1,0.0,2026-08-18,33.0,0.0,1.0,0,0.0
2026-08-18,TUESDAY,75,Present,0,3.0,0.0,37,48,91.8918918918919,0,0.0,2026-08-19,34.0,0.0,1.0,0,0.0
2026-08-19,WEDNESDAY,75,Present,0,3.0,0.0,38,48,92.10526315789474,0,0.0,2026-08-20,35.0,0.0,1.0,0,0.0
2026-08-20,THURSDAY,75,Present,0,3.0,0.0,39,48,92.3076923076923,0,0.0,2026-08-21,36.0,0.0,1.0,0,0.0
2026-08-21,FRIDAY,75,Present,0,3.0,0.0,40,48,92.5,0,0.0,2026-08-22,37.0,0.0,1.0,1,0.0
2026-08-22,SATURDAY,75,Present,0,3.0,0.0,41,48,92.6829268292683,0,0.0,2026-08-24,38.0,0.0,1.0,0,0.0
2026-08-24,MONDAY,75,Present,0,3.0,0.0,42,48,92.85714285714286,1,0.0,2026-08-25,39.0,0.0,0.0,0,0.0
2026-08-25,TUESDAY,75,Present,0,3.0,0.0,43,48,93.02325581395348,0,0.0,2026-08-26,40.0,0.0,0.0,0,0.0
2026-08-26,WEDNESDAY,75,Present,0,3.0,0.0,44,48,93.18181818181817,0,0.0,2026-08-27,41.0,0.0,0.0,0,0.0
2026-08-27,THURSDAY,75,Present,0,3.0,0.0,45,48,93.33333333333333,0,0.0,2026-08-28,42.0,0.0,0.0,0,0.0
2026-08-28,FRIDAY,75,Present,0,3.0,0.0,46,48,93.47826086956522,0,0.0,2026-08-29,43.0,0.0,0.0,1,0.0
2026-08-29,SATURDAY,75,Present,0,3.0,0.0,47,48,93.61702127659575,0,0.0,2026-08-31,44.0,0.0,0.0,0,0.0
2026-08-31,MONDAY,75,Present,0,3.0,0.0,48,48,93.75,1,0.0,2026-09-01,45.0,0.0,0.0,0,0.0
2026-09-01,TUESDAY,75,Present,0,3.0,0.0,49,48,93.87755102040816,0,0.0,2026-09-02,46.0,0.0,0.0,0,0.0
2026-09-02,WEDNESDAY,75,Present,0,3.0,0.0,50,48,94.0,0,0.0,2026-09-03,47.0,0.0,0.0,0,0.0
2026-09-03,THURSDAY,75,Present,0,3.0,0.0,51,48,94.11764705882352,0,,,48.0,0.0,0.0,0,0.0
2026-07-01,WEDNESDAY,76,Present,0,0.0,0.0,0,47,0.0,0,0.0,2026-07-02,0.0,0.0,0.0,0,0.0
2026-07-02,THURSDAY,76,Present,0,0.0,0.0,1,47,100.0,0,0.0,2026-07-03,1.0,0.0,0.0,0,0.0
2026-07-03,FRIDAY,76,Present,0,0.0,0.0,2,47,100.0,0,0.0,2026-07-04,2.0,0.0,0.0,1,0.0
2026-07-04,SATURDAY,76,Present,0,0.0,0.0,3,47,100.0,0,1.0,2026-07-06,3.0,0.0,0.0,0,0.0
2026-07-06,MONDAY,76,Absent,1,0.0,0.0,4,47,100.0,1,0.0,2026-07-07,4.0,0.0,0.0,0,0.0
2026-07-07,TUESDAY,76,Present,0,1.0,1.0,5,47,80.0,0,0.0,2026-07-08,4.0,1.0,1.0,0,1.0
2026-07-08,WEDNESDAY,76,Present,0,1.0,1.0,6,47,83.33333333333334,0,0.0,2026-07-09,5.0,1.0,1.0,0,0.0
2026-07-09,THURSDAY,76,Present,0,1.0,1.0,7,47,85.71428571428571,0,0.0,2026-07-10,6.0,1.0,1.0,0,0.0
2026-07-10,FRIDAY,76,Present,0,1.0,1.0,8,47,87.5,0,0.0,2026-07-13,7.0,0.0,1.0,1,0.0
2026-07-13,MONDAY,76,Present,0,1.0,1.0,9,47,88.88888888888889,1,0.0,2026-07-14,8.0,0.0,1.0,0,0.0
2026-07-14,TUESDAY,76,Present,0,1.0,0.0,10,47,90.0,0,0.0,2026-07-15,9.0,0.0,1.0,0,0.0
2026-07-15,WEDNESDAY,76,Present,0,1.0,0.0,11,47,90.9090909090909,0,0.0,2026-07-16,10.0,0.0,1.0,0,0.0
2026-07-16,THURSDAY,76,Present,0,1.0,0.0,12,47,91.66666666666666,0,0.0,2026-07-17,11.0,0.0,1.0,0,0.0
2026-07-17,FRIDAY,76,Present,0,1.0,0.0,13,47,92.3076923076923,0,0.0,2026-07-20,12.0,0.0,1.0,1,0.0
2026-07-20,MONDAY,76,Present,0,1.0,0.0,14,47,92.85714285714286,1,0.0,2026-07-21,13.0,0.0,1.0,0,0.0
2026-07-21,TUESDAY,76,Present,0,1.0,0.0,15,47,93.33333333333333,0,1.0,2026-07-22,14.0,0.0,0.0,0,0.0
2026-07-22,WEDNESDAY,76,Absent,1,1.0,0.0,16,47,93.75,0,0.0,2026-07-23,15.0,0.0,0.0,0,0.0
2026-07-23,THURSDAY,76,Present,0,2.0,1.0,17,47,88.23529411764706,0,0.0,2026-07-24,15.0,1.0,1.0,0,1.0
2026-07-24,FRIDAY,76,Present,0,2.0,1.0,18,47,88.88888888888889,0,0.0,2026-07-25,16.0,1.0,1.0,1,0.0
2026-07-25,SATURDAY,76,Present,0,2.0,1.0,19,47,89.47368421052632,0,0.0,2026-07-27,17.0,1.0,1.0,0,0.0
2026-07-27,MONDAY,76,Present,0,2.0,1.0,20,47,90.0,1,0.0,2026-07-28,18.0,0.0,1.0,0,0.0
2026-07-28,TUESDAY,76,Present,0,2.0,1.0,21,47,90.47619047619048,0,0.0,2026-07-29,19.0,0.0,1.0,0,0.0
2026-07-29,WEDNESDAY,76,Present,0,2.0,0.0,22,47,90.9090909090909,0,0.0,2026-07-30,20.0,0.0,1.0,0,0.0
2026-07-30,THURSDAY,76,Present,0,2.0,0.0,23,47,91.30434782608695,0,0.0,2026-07-31,21.0,0.0,1.0,0,0.0
2026-07-31,FRIDAY,76,Present,0,2.0,0.0,24,47,91.66666666666666,0,0.0,2026-08-03,22.0,0.0,1.0,1,0.0
2026-08-03,MONDAY,76,Present,0,2.0,0.0,25,47,92.0,1,0.0,2026-08-04,23.0,0.0,1.0,0,0.0
2026-08-04,TUESDAY,76,Present,0,2.0,0.0,26,47,92.3076923076923,0,0.0,2026-08-05,24.0,0.0,1.0,0,0.0
2026-08-05,WEDNESDAY,76,Present,0,2.0,0.0,27,47,92.5925925925926,0,0.0,2026-08-06,25.0,0.0,0.0,0,0.0
2026-08-06,THURSDAY,76,Present,0,2.0,0.0,28,47,92.85714285714286,0,0.0,2026-08-07,26.0,0.0,0.0,0,0.0
2026-08-07,FRIDAY,76,Present,0,2.0,0.0,29,47,93.10344827586206,0,0.0,2026-08-08,27.0,0.0,0.0,1,0.0
2026-08-08,SATURDAY,76,Present,0,2.0,0.0,30,47,93.33333333333333,0,1.0,2026-08-10,28.0,0.0,0.0,0,0.0
2026-08-10,MONDAY,76,Absent,1,2.0,0.0,31,47,93.54838709677419,1,0.0,2026-08-11,29.0,0.0,0.0,0,0.0
2026-08-11,TUESDAY,76,Present,0,3.0,1.0,32,47,90.625,0,0.0,2026-08-12,29.0,1.0,1.0,0,1.0
2026-08-12,WEDNESDAY,76,Present,0,3.0,1.0,33,47,90.9090909090909,0,0.0,2026-08-13,30.0,1.0,1.0,0,0.0
2026-08-13,THURSDAY,76,Present,0,3.0,1.0,34,47,91.17647058823529,0,0.0,2026-08-14,31.0,1.0,1.0,0,0.0
2026-08-14,FRIDAY,76,Present,0,3.0,1.0,35,47,91.42857142857143,0,1.0,2026-08-17,32.0,0.0,1.0,1,0.0
2026-08-17,MONDAY,76,Absent,1,3.0,1.0,36,47,91.66666666666666,1,0.0,2026-08-18,33.0,0.0,1.0,0,0.0
2026-08-18,TUESDAY,76,Present,0,4.0,1.0,37,47,89.1891891891892,0,0.0,2026-08-19,33.0,1.0,2.0,0,1.0
2026-08-19,WEDNESDAY,76,Present,0,4.0,1.0,38,47,89.47368421052632,0,0.0,2026-08-20,34.0,1.0,2.0,0,0.0
2026-08-20,THURSDAY,76,Present,0,4.0,1.0,39,47,89.74358974358975,0,0.0,2026-08-21,35.0,1.0,2.0,0,0.0
2026-08-21,FRIDAY,76,Present,0,4.0,1.0,40,47,90.0,0,0.0,2026-08-22,36.0,0.0,2.0,1,0.0
2026-08-22,SATURDAY,76,Present,0,4.0,1.0,41,47,90.2439024390244,0,0.0,2026-08-24,37.0,0.0,2.0,0,0.0
2026-08-24,MONDAY,76,Present,0,4.0,0.0,42,47,90.47619047619048,1,0.0,2026-08-25,38.0,0.0,1.0,0,0.0
2026-08-25,TUESDAY,76,Present,0,4.0,0.0,43,47,90.69767441860465,0,0.0,2026-08-26,39.0,0.0,1.0,0,0.0
2026-08-26,WEDNESDAY,76,Present,0,4.0,0.0,44,47,90.9090909090909,0,0.0,2026-08-27,40.0,0.0,1.0,0,0.0
2026-08-27,THURSDAY,76,Present,0,4.0,0.0,45,47,91.11111111111111,0,0.0,2026-08-28,41.0,0.0,1.0,0,0.0
2026-08-28,FRIDAY,76,Present,0,4.0,0.0,46,47,91.30434782608695,0,0.0,2026-08-29,42.0,0.0,1.0,1,0.0
2026-08-29,SATURDAY,76,Present,0,4.0,0.0,47,47,91.48936170212765,0,0.0,2026-08-31,43.0,0.0,0.0,0,0.0
2026-08-31,MONDAY,76,Present,0,4.0,0.0,48,47,91.66666666666666,1,0.0,2026-09-01,44.0,0.0,0.0,0,0.0
2026-09-01,TUESDAY,76,Present,0,4.0,0.0,49,47,91.83673469387756,0,0.0,2026-09-02,45.0,0.0,0.0,0,0.0
2026-09-02,WEDNESDAY,76,Present,0,4.0,0.0,50,47,92.0,0,1.0,2026-09-03,46.0,0.0,0.0,0,0.0
2026-09-03,THURSDAY,76,Absent,1,4.0,0.0,51,47,92.15686274509804,0,,,47.0,0.0,0.0,0,0.0
2026-07-01,WEDNESDAY,77,Present,0,0.0,0.0,0,44,0.0,0,0.0,2026-07-02,0.0,0.0,0.0,0,0.0
2026-07-02,THURSDAY,77,Present,0,0.0,0.0,1,44,100.0,0,0.0,2026-07-03,1.0,0.0,0.0,0,0.0
2026-07-03,FRIDAY,77,Present,0,0.0,0.0,2,44,100.0,0,0.0,2026-07-04,2.0,0.0,0.0,1,0.0
2026-07-04,SATURDAY,77,Present,0,0.0,0.0,3,44,100.0,0,0.0,2026-07-06,3.0,0.0,0.0,0,0.0
2026-07-06,MONDAY,77,Present,0,0.0,0.0,4,44,100.0,1,0.0,2026-07-07,4.0,0.0,0.0,0,0.0
2026-07-07,TUESDAY,77,Present,0,0.0,0.0,5,44,100.0,0,0.0,2026-07-08,5.0,0.0,0.0,0,0.0
2026-07-08,WEDNESDAY,77,Present,0,0.0,0.0,6,44,100.0,0,0.0,2026-07-09,6.0,0.0,0.0,0,0.0
2026-07-09,THURSDAY,77,Present,0,0.0,0.0,7,44,100.0,0,0.0,2026-07-10,7.0,0.0,0.0,0,0.0
2026-07-10,FRIDAY,77,Present,0,0.0,0.0,8,44,100.0,0,0.0,2026-07-13,8.0,0.0,0.0,1,0.0
2026-07-13,MONDAY,77,Present,0,0.0,0.0,9,44,100.0,1,0.0,2026-07-14,9.0,0.0,0.0,0,0.0
2026-07-14,TUESDAY,77,Present,0,0.0,0.0,10,44,100.0,0,1.0,2026-07-15,10.0,0.0,0.0,0,0.0
2026-07-15,WEDNESDAY,77,Absent,1,0.0,0.0,11,44,100.0,0,1.0,2026-07-16,11.0,0.0,0.0,0,0.0
2026-07-16,THURSDAY,77,Absent,1,1.0,1.0,12,44,91.66666666666666,0,1.0,2026-07-17,11.0,1.0,1.0,0,1.0
2026-07-17,FRIDAY,77,Absent,1,2.0,2.0,13,44,84.61538461538461,0,0.0,2026-07-20,11.0,2.0,2.0,1,1.0
2026-07-20,MONDAY,77,Present,0,3.0,3.0,14,44,78.57142857142857,1,0.0,2026-07-21,11.0,3.0,3.0,0,1.0
2026-07-21,TUESDAY,77,Present,0,3.0,3.0,15,44,80.0,0,0.0,2026-07-22,12.0,2.0,3.0,0,0.0
2026-07-22,WEDNESDAY,77,Present,0,3.0,3.0,16,44,81.25,0,0.0,2026-07-23,13.0,1.0,3.0,0,0.0
2026-07-23,THURSDAY,77,Present,0,3.0,2.0,17,44,82.35294117647058,0,1.0,2026-07-24,14.0,0.0,3.0,0,0.0
2026-07-24,FRIDAY,77,Absent,1,3.0,1.0,18,44,83.33333333333334,0,0.0,2026-07-25,15.0,0.0,3.0,1,0.0
2026-07-25,SATURDAY,77,Present,0,4.0,1.0,19,44,78.94736842105263,0,0.0,2026-07-27,15.0,1.0,4.0,0,1.0
2026-07-27,MONDAY,77,Present,0,4.0,1.0,20,44,80.0,1,0.0,2026-07-28,16.0,1.0,4.0,0,0.0
2026-07-28,TUESDAY,77,Present,0,4.0,1.0,21,44,80.95238095238095,0,0.0,2026-07-29,17.0,1.0,4.0,0,0.0
2026-07-29,WEDNESDAY,77,Present,0,4.0,1.0,22,44,81.81818181818183,0,0.0,2026-07-30,18.0,0.0,3.0,0,0.0
2026-07-30,THURSDAY,77,Present,0,4.0,1.0,23,44,82.6086956521739,0,0.0,2026-07-31,19.0,0.0,2.0,0,0.0
2026-07-31,FRIDAY,77,Present,0,4.0,0.0,24,44,83.33333333333334,0,0.0,2026-08-03,20.0,0.0,1.0,1,0.0
2026-08-03,MONDAY,77,Present,0,4.0,0.0,25,44,84.0,1,0.0,2026-08-04,21.0,0.0,1.0,0,0.0
2026-08-04,TUESDAY,77,Present,0,4.0,0.0,26,44,84.61538461538461,0,0.0,2026-08-05,22.0,0.0,1.0,0,0.0
2026-08-05,WEDNESDAY,77,Present,0,4.0,0.0,27,44,85.18518518518519,0,0.0,2026-08-06,23.0,0.0,1.0,0,0.0
2026-08-06,THURSDAY,77,Present,0,4.0,0.0,28,44,85.71428571428571,0,0.0,2026-08-07,24.0,0.0,1.0,0,0.0
2026-08-07,FRIDAY,77,Present,0,4.0,0.0,29,44,86.20689655172413,0,0.0,2026-08-08,25.0,0.0,0.0,1,0.0
2026-08-08,SATURDAY,77,Present,0,4.0,0.0,30,44,86.66666666666667,0,0.0,2026-08-10,26.0,0.0,0.0,0,0.0
2026-08-10,MONDAY,77,Present,0,4.0,0.0,31,44,87.09677419354838,1,0.0,2026-08-11,27.0,0.0,0.0,0,0.0
2026-08-11,TUESDAY,77,Present,0,4.0,0.0,32,44,87.5,0,0.0,2026-08-12,28.0,0.0,0.0,0,0.0
2026-08-12,WEDNESDAY,77,Present,0,4.0,0.0,33,44,87.87878787878788,0,0.0,2026-08-13,29.0,0.0,0.0,0,0.0
2026-08-13,THURSDAY,77,Present,0,4.0,0.0,34,44,88.23529411764706,0,1.0,2026-08-14,30.0,0.0,0.0,0,0.0
2026-08-14,FRIDAY,77,Absent,1,4.0,0.0,35,44,88.57142857142857,0,0.0,2026-08-17,31.0,0.0,0.0,1,0.0
2026-08-17,MONDAY,77,Present,0,5.0,1.0,36,44,86.11111111111111,1,0.0,2026-08-18,31.0,1.0,1.0,0,1.0
2026-08-18,TUESDAY,77,Present,0,5.0,1.0,37,44,86.48648648648648,0,0.0,2026-08-19,32.0,1.0,1.0,0,0.0
2026-08-19,WEDNESDAY,77,Present,0,5.0,1.0,38,44,86.8421052631579,0,0.0,2026-08-20,33.0,1.0,1.0,0,0.0
2026-08-20,THURSDAY,77,Present,0,5.0,1.0,39,44,87.17948717948718,0,0.0,2026-08-21,34.0,0.0,1.0,0,0.0
2026-08-21,FRIDAY,77,Present,0,5.0,1.0,40,44,87.5,0,1.0,2026-08-22,35.0,0.0,1.0,1,0.0
2026-08-22,SATURDAY,77,Absent,1,5.0,0.0,41,44,87.8048780487805,0,1.0,2026-08-24,36.0,0.0,1.0,0,0.0
2026-08-24,MONDAY,77,Absent,1,6.0,1.0,42,44,85.71428571428571,1,0.0,2026-08-25,36.0,1.0,2.0,0,1.0
2026-08-25,TUESDAY,77,Present,0,7.0,2.0,43,44,83.72093023255815,0,0.0,2026-08-26,36.0,2.0,3.0,0,1.0
2026-08-26,WEDNESDAY,77,Present,0,7.0,2.0,44,44,84.0909090909091,0,0.0,2026-08-27,37.0,2.0,3.0,0,0.0
2026-08-27,THURSDAY,77,Present,0,7.0,2.0,45,44,84.44444444444444,0,0.0,2026-08-28,38.0,1.0,3.0,0,0.0
2026-08-28,FRIDAY,77,Present,0,7.0,2.0,46,44,84.78260869565217,0,0.0,2026-08-29,39.0,0.0,2.0,1,0.0
2026-08-29,SATURDAY,77,Present,0,7.0,1.0,47,44,85.1063829787234,0,0.0,2026-08-31,40.0,0.0,2.0,0,0.0
2026-08-31,MONDAY,77,Present,0,7.0,0.0,48,44,85.41666666666666,1,0.0,2026-09-01,41.0,0.0,2.0,0,0.0
2026-09-01,TUESDAY,77,Present,0,7.0,0.0,49,44,85.71428571428571,0,0.0,2026-09-02,42.0,0.0,2.0,0,0.0
2026-09-02,WEDNESDAY,77,Present,0,7.0,0.0,50,44,86.0,0,0.0,2026-09-03,43.0,0.0,2.0,0,0.0
2026-09-03,THURSDAY,77,Present,0,7.0,0.0,51,44,86.27450980392157,0,,,44.0,0.0,2.0,0,0.0
2026-07-01,WEDNESDAY,78,Present,0,0.0,0.0,0,49,0.0,0,0.0,2026-07-02,0.0,0.0,0.0,0,0.0
2026-07-02,THURSDAY,78,Present,0,0.0,0.0,1,49,100.0,0,0.0,2026-07-03,1.0,0.0,0.0,0,0.0
2026-07-03,FRIDAY,78,Present,0,0.0,0.0,2,49,100.0,0,0.0,2026-07-04,2.0,0.0,0.0,1,0.0
2026-07-04,SATURDAY,78,Present,0,0.0,0.0,3,49,100.0,0,0.0,2026-07-06,3.0,0.0,0.0,0,0.0
2026-07-06,MONDAY,78,Present,0,0.0,0.0,4,49,100.0,1,0.0,2026-07-07,4.0,0.0,0.0,0,0.0
2026-07-07,TUESDAY,78,Present,0,0.0,0.0,5,49,100.0,0,0.0,2026-07-08,5.0,0.0,0.0,0,0.0
2026-07-08,WEDNESDAY,78,Present,0,0.0,0.0,6,49,100.0,0,0.0,2026-07-09,6.0,0.0,0.0,0,0.0
2026-07-09,THURSDAY,78,Present,0,0.0,0.0,7,49,100.0,0,0.0,2026-07-10,7.0,0.0,0.0,0,0.0
2026-07-10,FRIDAY,78,Present,0,0.0,0.0,8,49,100.0,0,0.0,2026-07-13,8.0,0.0,0.0,1,0.0
2026-07-13,MONDAY,78,Present,0,0.0,0.0,9,49,100.0,1,0.0,2026-07-14,9.0,0.0,0.0,0,0.0
2026-07-14,TUESDAY,78,Present,0,0.0,0.0,10,49,100.0,0,0.0,2026-07-15,10.0,0.0,0.0,0,0.0
2026-07-15,WEDNESDAY,78,Present,0,0.0,0.0,11,49,100.0,0,0.0,2026-07-16,11.0,0.0,0.0,0,0.0
2026-07-16,THURSDAY,78,Present,0,0.0,0.0,12,49,100.0,0,0.0,2026-07-17,12.0,0.0,0.0,0,0.0
2026-07-17,FRIDAY,78,Present,0,0.0,0.0,13,49,100.0,0,0.0,2026-07-20,13.0,0.0,0.0,1,0.0
2026-07-20,MONDAY,78,Present,0,0.0,0.0,14,49,100.0,1,0.0,2026-07-21,14.0,0.0,0.0,0,0.0
2026-07-21,TUESDAY,78,Present,0,0.0,0.0,15,49,100.0,0,0.0,2026-07-22,15.0,0.0,0.0,0,0.0
2026-07-22,WEDNESDAY,78,Present,0,0.0,0.0,16,49,100.0,0,0.0,2026-07-23,16.0,0.0,0.0,0,0.0
2026-07-23,THURSDAY,78,Present,0,0.0,0.0,17,49,100.0,0,0.0,2026-07-24,17.0,0.0,0.0,0,0.0
2026-07-24,FRIDAY,78,Present,0,0.0,0.0,18,49,100.0,0,0.0,2026-07-25,18.0,0.0,0.0,1,0.0
2026-07-25,SATURDAY,78,Present,0,0.0,0.0,19,49,100.0,0,0.0,2026-07-27,19.0,0.0,0.0,0,0.0
2026-07-27,MONDAY,78,Present,0,0.0,0.0,20,49,100.0,1,1.0,2026-07-28,20.0,0.0,0.0,0,0.0
2026-07-28,TUESDAY,78,Absent,1,0.0,0.0,21,49,100.0,0,0.0,2026-07-29,21.0,0.0,0.0,0,0.0
2026-07-29,WEDNESDAY,78,Present,0,1.0,1.0,22,49,95.45454545454545,0,0.0,2026-07-30,21.0,1.0,1.0,0,1.0
2026-07-30,THURSDAY,78,Present,0,1.0,1.0,23,49,95.65217391304348,0,0.0,2026-07-31,22.0,1.0,1.0,0,0.0
2026-07-31,FRIDAY,78,Present,0,1.0,1.0,24,49,95.83333333333334,0,1.0,2026-08-03,23.0,1.0,1.0,1,0.0
2026-08-03,MONDAY,78,Absent,1,1.0,1.0,25,49,96.0,1,0.0,2026-08-04,24.0,0.0,1.0,0,0.0
2026-08-04,TUESDAY,78,Present,0,2.0,2.0,26,49,92.3076923076923,0,0.0,2026-08-05,24.0,1.0,2.0,0,1.0
2026-08-05,WEDNESDAY,78,Present,0,2.0,1.0,27,49,92.5925925925926,0,0.0,2026-08-06,25.0,1.0,2.0,0,0.0
2026-08-06,THURSDAY,78,Present,0,2.0,1.0,28,49,92.85714285714286,0,0.0,2026-08-07,26.0,1.0,2.0,0,0.0
2026-08-07,FRIDAY,78,Present,0,2.0,1.0,29,49,93.10344827586206,0,0.0,2026-08-08,27.0,0.0,2.0,1,0.0
2026-08-08,SATURDAY,78,Present,0,2.0,1.0,30,49,93.33333333333333,0,0.0,2026-08-10,28.0,0.0,2.0,0,0.0
2026-08-10,MONDAY,78,Present,0,2.0,0.0,31,49,93.54838709677419,1,0.0,2026-08-11,29.0,0.0,2.0,0,0.0
2026-08-11,TUESDAY,78,Present,0,2.0,0.0,32,49,93.75,0,0.0,2026-08-12,30.0,0.0,1.0,0,0.0
2026-08-12,WEDNESDAY,78,Present,0,2.0,0.0,33,49,93.93939393939394,0,0.0,2026-08-13,31.0,0.0,1.0,0,0.0
2026-08-13,THURSDAY,78,Present,0,2.0,0.0,34,49,94.11764705882352,0,0.0,2026-08-14,32.0,0.0,1.0,0,0.0
2026-08-14,FRIDAY,78,Present,0,2.0,0.0,35,49,94.28571428571428,0,0.0,2026-08-17,33.0,0.0,1.0,1,0.0
2026-08-17,MONDAY,78,Present,0,2.0,0.0,36,49,94.44444444444444,1,0.0,2026-08-18,34.0,0.0,0.0,0,0.0
2026-08-18,TUESDAY,78,Present,0,2.0,0.0,37,49,94.5945945945946,0,0.0,2026-08-19,35.0,0.0,0.0,0,0.0
2026-08-19,WEDNESDAY,78,Present,0,2.0,0.0,38,49,94.73684210526315,0,0.0,2026-08-20,36.0,0.0,0.0,0,0.0
2026-08-20,THURSDAY,78,Present,0,2.0,0.0,39,49,94.87179487179486,0,0.0,2026-08-21,37.0,0.0,0.0,0,0.0
2026-08-21,FRIDAY,78,Present,0,2.0,0.0,40,49,95.0,0,0.0,2026-08-22,38.0,0.0,0.0,1,0.0
2026-08-22,SATURDAY,78,Present,0,2.0,0.0,41,49,95.1219512195122,0,0.0,2026-08-24,39.0,0.0,0.0,0,0.0
2026-08-24,MONDAY,78,Present,0,2.0,0.0,42,49,95.23809523809523,1,0.0,2026-08-25,40.0,0.0,0.0,0,0.0
2026-08-25,TUESDAY,78,Present,0,2.0,0.0,43,49,95.34883720930233,0,0.0,2026-08-26,41.0,0.0,0.0,0,0.0
2026-08-26,WEDNESDAY,78,Present,0,2.0,0.0,44,49,95.45454545454545,0,0.0,2026-08-27,42.0,0.0,0.0,0,0.0
2026-08-27,THURSDAY,78,Present,0,2.0,0.0,45,49,95.55555555555556,0,0.0,2026-08-28,43.0,0.0,0.0,0,0.0
2026-08-28,FRIDAY,78,Present,0,2.0,0.0,46,49,95.65217391304348,0,0.0,2026-08-29,44.0,0.0,0.0,1,0.0
2026-08-29,SATURDAY,78,Present,0,2.0,0.0,47,49,95.74468085106383,0,0.0,2026-08-31,45.0,0.0,0.0,0,0.0
2026-08-31,MONDAY,78,Present,0,2.0,0.0,48,49,95.83333333333334,1,0.0,2026-09-01,46.0,0.0,0.0,0,0.0
2026-09-01,TUESDAY,78,Present,0,2.0,0.0,49,49,95.91836734693877,0,0.0,2026-09-02,47.0,0.0,0.0,0,0.0
2026-09-02,WEDNESDAY,78,Present,0,2.0,0.0,50,49,96.0,0,0.0,2026-09-03,48.0,0.0,0.0,0,0.0
2026-09-03,THURSDAY,78,Present,0,2.0,0.0,51,49,96.07843137254902,0,,,49.0,0.0,0.0,0,0.0
2026-07-01,WEDNESDAY,79,Present,0,0.0,0.0,0,46,0.0,0,0.0,2026-07-02,0.0,0.0,0.0,0,0.0
2026-07-02,THURSDAY,79,Present,0,0.0,0.0,1,46,100.0,0,0.0,2026-07-03,1.0,0.0,0.0,0,0.0
2026-07-03,FRIDAY,79,Present,0,0.0,0.0,2,46,100.0,0,0.0,2026-07-04,2.0,0.0,0.0,1,0.0
2026-07-04,SATURDAY,79,Present,0,0.0,0.0,3,46,100.0,0,0.0,2026-07-06,3.0,0.0,0.0,0,0.0
2026-07-06,MONDAY,79,Present,0,0.0,0.0,4,46,100.0,1,0.0,2026-07-07,4.0,0.0,0.0,0,0.0
2026-07-07,TUESDAY,79,Present,0,0.0,0.0,5,46,100.0,0,0.0,2026-07-08,5.0,0.0,0.0,0,0.0
2026-07-08,WEDNESDAY,79,Present,0,0.0,0.0,6,46,100.0,0,0.0,2026-07-09,6.0,0.0,0.0,0,0.0
2026-07-09,THURSDAY,79,Present,0,0.0,0.0,7,46,100.0,0,1.0,2026-07-10,7.0,0.0,0.0,0,0.0
2026-07-10,FRIDAY,79,Absent,1,0.0,0.0,8,46,100.0,0,0.0,2026-07-13,8.0,0.0,0.0,1,0.0
2026-07-13,MONDAY,79,Present,0,1.0,1.0,9,46,88.88888888888889,1,0.0,2026-07-14,8.0,1.0,1.0,0,1.0
2026-07-14,TUESDAY,79,Present,0,1.0,1.0,10,46,90.0,0,0.0,2026-07-15,9.0,1.0,1.0,0,0.0
2026-07-15,WEDNESDAY,79,Present,0,1.0,1.0,11,46,90.9090909090909,0,1.0,2026-07-16,10.0,1.0,1.0,0,0.0
2026-07-16,THURSDAY,79,Absent,1,1.0,1.0,12,46,91.66666666666666,0,0.0,2026-07-17,11.0,0.0,1.0,0,0.0
2026-07-17,FRIDAY,79,Present,0,2.0,2.0,13,46,84.61538461538461,0,0.0,2026-07-20,11.0,1.0,2.0,1,1.0
2026-07-20,MONDAY,79,Present,0,2.0,1.0,14,46,85.71428571428571,1,0.0,2026-07-21,12.0,1.0,2.0,0,0.0
2026-07-21,TUESDAY,79,Present,0,2.0,1.0,15,46,86.66666666666667,0,0.0,2026-07-22,13.0,1.0,2.0,0,0.0
2026-07-22,WEDNESDAY,79,Present,0,2.0,1.0,16,46,87.5,0,0.0,2026-07-23,14.0,0.0,2.0,0,0.0
2026-07-23,THURSDAY,79,Present,0,2.0,1.0,17,46,88.23529411764706,0,0.0,2026-07-24,15.0,0.0,2.0,0,0.0
2026-07-24,FRIDAY,79,Present,0,2.0,0.0,18,46,88.88888888888889,0,0.0,2026-07-25,16.0,0.0,2.0,1,0.0
2026-07-25,SATURDAY,79,Present,0,2.0,0.0,19,46,89.47368421052632,0,1.0,2026-07-27,17.0,0.0,1.0,0,0.0
2026-07-27,MONDAY,79,Absent,1,2.0,0.0,20,46,90.0,1,0.0,2026-07-28,18.0,0.0,1.0,0,0.0
2026-07-28,TUESDAY,79,Present,0,3.0,1.0,21,46,85.71428571428571,0,0.0,2026-07-29,18.0,1.0,2.0,0,1.0
2026-07-29,WEDNESDAY,79,Present,0,3.0,1.0,22,46,86.36363636363636,0,0.0,2026-07-30,19.0,1.0,2.0,0,0.0
2026-07-30,THURSDAY,79,Present,0,3.0,1.0,23,46,86.95652173913044,0,0.0,2026-07-31,20.0,1.0,1.0,0,0.0
2026-07-31,FRIDAY,79,Present,0,3.0,1.0,24,46,87.5,0,1.0,2026-08-03,21.0,0.0,1.0,1,0.0
2026-08-03,MONDAY,79,Absent,1,3.0,1.0,25,46,88.0,1,0.0,2026-08-04,22.0,0.0,1.0,0,0.0
2026-08-04,TUESDAY,79,Present,0,4.0,1.0,26,46,84.61538461538461,0,0.0,2026-08-05,22.0,1.0,2.0,0,1.0
2026-08-05,WEDNESDAY,79,Present,0,4.0,1.0,27,46,85.18518518518519,0,0.0,2026-08-06,23.0,1.0,2.0,0,0.0
2026-08-06,THURSDAY,79,Present,0,4.0,1.0,28,46,85.71428571428571,0,0.0,2026-08-07,24.0,1.0,2.0,0,0.0
2026-08-07,FRIDAY,79,Present,0,4.0,1.0,29,46,86.20689655172413,0,0.0,2026-08-08,25.0,0.0,2.0,1,0.0
2026-08-08,SATURDAY,79,Present,0,4.0,1.0,30,46,86.66666666666667,0,0.0,2026-08-10,26.0,0.0,2.0,0,0.0
2026-08-10,MONDAY,79,Present,0,4.0,0.0,31,46,87.09677419354838,1,0.0,2026-08-11,27.0,0.0,1.0,0,0.0
2026-08-11,TUESDAY,79,Present,0,4.0,0.0,32,46,87.5,0,0.0,2026-08-12,28.0,0.0,1.0,0,0.0
2026-08-12,WEDNESDAY,79,Present,0,4.0,0.0,33,46,87.87878787878788,0,0.0,2026-08-13,29.0,0.0,1.0,0,0.0
2026-08-13,THURSDAY,79,Present,0,4.0,0.0,34,46,88.23529411764706,0,1.0,2026-08-14,30.0,0.0,1.0,0,0.0
2026-08-14,FRIDAY,79,Absent,1,4.0,0.0,35,46,88.57142857142857,0,0.0,2026-08-17,31.0,0.0,1.0,1,0.0
2026-08-17,MONDAY,79,Present,0,5.0,1.0,36,46,86.11111111111111,1,0.0,2026-08-18,31.0,1.0,1.0,0,1.0
2026-08-18,TUESDAY,79,Present,0,5.0,1.0,37,46,86.48648648648648,0,0.0,2026-08-19,32.0,1.0,1.0,0,0.0
2026-08-19,WEDNESDAY,79,Present,0,5.0,1.0,38,46,86.8421052631579,0,0.0,2026-08-20,33.0,1.0,1.0,0,0.0
2026-08-20,THURSDAY,79,Present,0,5.0,1.0,39,46,87.17948717948718,0,0.0,2026-08-21,34.0,0.0,1.0,0,0.0
2026-08-21,FRIDAY,79,Present,0,5.0,1.0,40,46,87.5,0,0.0,2026-08-22,35.0,0.0,1.0,1,0.0
2026-08-22,SATURDAY,79,Present,0,5.0,0.0,41,46,87.8048780487805,0,0.0,2026-08-24,36.0,0.0,1.0,0,0.0
2026-08-24,MONDAY,79,Present,0,5.0,0.0,42,46,88.09523809523809,1,0.0,2026-08-25,37.0,0.0,1.0,0,0.0
2026-08-25,TUESDAY,79,Present,0,5.0,0.0,43,46,88.37209302325581,0,0.0,2026-08-26,38.0,0.0,1.0,0,0.0
2026-08-26,WEDNESDAY,79,Present,0,5.0,0.0,44,46,88.63636363636364,0,0.0,2026-08-27,39.0,0.0,1.0,0,0.0
2026-08-27,THURSDAY,79,Present,0,5.0,0.0,45,46,88.88888888888889,0,0.0,2026-08-28,40.0,0.0,1.0,0,0.0
2026-08-28,FRIDAY,79,Present,0,5.0,0.0,46,46,89.13043478260869,0,0.0,2026-08-29,41.0,0.0,0.0,1,0.0
2026-08-29,SATURDAY,79,Present,0,5.0,0.0,47,46,89.36170212765957,0,0.0,2026-08-31,42.0,0.0,0.0,0,0.0
2026-08-31,MONDAY,79,Present,0,5.0,0.0,48,46,89.58333333333334,1,0.0,2026-09-01,43.0,0.0,0.0,0,0.0
2026-09-01,TUESDAY,79,Present,0,5.0,0.0,49,46,89.79591836734694,0,0.0,2026-09-02,44.0,0.0,0.0,0,0.0
2026-09-02,WEDNESDAY,79,Present,0,5.0,0.0,50,46,90.0,0,0.0,2026-09-03,45.0,0.0,0.0,0,0.0
2026-09-03,THURSDAY,79,Present,0,5.0,0.0,51,46,90.19607843137256,0,,,46.0,0.0,0.0,0,0.0
2026-07-01,WEDNESDAY,81,Present,0,0.0,0.0,0,45,0.0,0,0.0,2026-07-02,0.0,0.0,0.0,0,0.0
2026-07-02,THURSDAY,81,Present,0,0.0,0.0,1,45,100.0,0,0.0,2026-07-03,1.0,0.0,0.0,0,0.0
2026-07-03,FRIDAY,81,Present,0,0.0,0.0,2,45,100.0,0,0.0,2026-07-04,2.0,0.0,0.0,1,0.0
2026-07-04,SATURDAY,81,Present,0,0.0,0.0,3,45,100.0,0,0.0,2026-07-06,3.0,0.0,0.0,0,0.0
2026-07-06,MONDAY,81,Present,0,0.0,0.0,4,45,100.0,1,0.0,2026-07-07,4.0,0.0,0.0,0,0.0
2026-07-07,TUESDAY,81,Present,0,0.0,0.0,5,45,100.0,0,0.0,2026-07-08,5.0,0.0,0.0,0,0.0
2026-07-08,WEDNESDAY,81,Present,0,0.0,0.0,6,45,100.0,0,0.0,2026-07-09,6.0,0.0,0.0,0,0.0
2026-07-09,THURSDAY,81,Present,0,0.0,0.0,7,45,100.0,0,0.0,2026-07-10,7.0,0.0,0.0,0,0.0
2026-07-10,FRIDAY,81,Present,0,0.0,0.0,8,45,100.0,0,1.0,2026-07-13,8.0,0.0,0.0,1,0.0
2026-07-13,MONDAY,81,Absent,1,0.0,0.0,9,45,100.0,1,0.0,2026-07-14,9.0,0.0,0.0,0,0.0
2026-07-14,TUESDAY,81,Present,0,1.0,1.0,10,45,90.0,0,0.0,2026-07-15,9.0,1.0,1.0,0,1.0
2026-07-15,WEDNESDAY,81,Present,0,1.0,1.0,11,45,90.9090909090909,0,0.0,2026-07-16,10.0,1.0,1.0,0,0.0
2026-07-16,THURSDAY,81,Present,0,1.0,1.0,12,45,91.66666666666666,0,0.0,2026-07-17,11.0,1.0,1.0,0,0.0
2026-07-17,FRIDAY,81,Present,0,1.0,1.0,13,45,92.3076923076923,0,0.0,2026-07-20,12.0,0.0,1.0,1,0.0
2026-07-20,MONDAY,81,Present,0,1.0,1.0,14,45,92.85714285714286,1,0.0,2026-07-21,13.0,0.0,1.0,0,0.0
2026-07-21,TUESDAY,81,Present,0,1.0,0.0,15,45,93.33333333333333,0,0.0,2026-07-22,14.0,0.0,1.0,0,0.0
2026-07-22,WEDNESDAY,81,Present,0,1.0,0.0,16,45,93.75,0,1.0,2026-07-23,15.0,0.0,1.0,0,0.0
2026-07-23,THURSDAY,81,Absent,1,1.0,0.0,17,45,94.11764705882352,0,1.0,2026-07-24,16.0,0.0,1.0,0,0.0
2026-07-24,FRIDAY,81,Absent,1,2.0,1.0,18,45,88.88888888888889,0,0.0,2026-07-25,16.0,1.0,2.0,1,1.0
2026-07-25,SATURDAY,81,Present,0,3.0,2.0,19,45,84.21052631578947,0,1.0,2026-07-27,16.0,2.0,3.0,0,1.0
2026-07-27,MONDAY,81,Absent,1,3.0,2.0,20,45,85.0,1,0.0,2026-07-28,17.0,2.0,2.0,0,0.0
2026-07-28,TUESDAY,81,Present,0,4.0,3.0,21,45,80.95238095238095,0,0.0,2026-07-29,17.0,2.0,3.0,0,1.0
2026-07-29,WEDNESDAY,81,Present,0,4.0,3.0,22,45,81.81818181818183,0,0.0,2026-07-30,18.0,1.0,3.0,0,0.0
2026-07-30,THURSDAY,81,Present,0,4.0,2.0,23,45,82.6086956521739,0,0.0,2026-07-31,19.0,1.0,3.0,0,0.0
2026-07-31,FRIDAY,81,Present,0,4.0,1.0,24,45,83.33333333333334,0,0.0,2026-08-03,20.0,0.0,3.0,1,0.0
2026-08-03,MONDAY,81,Present,0,4.0,1.0,25,45,84.0,1,0.0,2026-08-04,21.0,0.0,3.0,0,0.0
2026-08-04,TUESDAY,81,Present,0,4.0,0.0,26,45,84.61538461538461,0,1.0,2026-08-05,22.0,0.0,3.0,0,0.0
2026-08-05,WEDNESDAY,81,Absent,1,4.0,0.0,27,45,85.18518518518519,0,0.0,2026-08-06,23.0,0.0,3.0,0,0.0
2026-08-06,THURSDAY,81,Present,0,5.0,1.0,28,45,82.14285714285714,0,0.0,2026-08-07,23.0,1.0,3.0,0,1.0
2026-08-07,FRIDAY,81,Present,0,5.0,1.0,29,45,82.75862068965517,0,0.0,2026-08-08,24.0,1.0,2.0,1,0.0
2026-08-08,SATURDAY,81,Present,0,5.0,1.0,30,45,83.33333333333334,0,0.0,2026-08-10,25.0,1.0,2.0,0,0.0
2026-08-10,MONDAY,81,Present,0,5.0,1.0,31,45,83.87096774193549,1,1.0,2026-08-11,26.0,0.0,1.0,0,0.0
2026-08-11,TUESDAY,81,Absent,1,5.0,1.0,32,45,84.375,0,0.0,2026-08-12,27.0,0.0,1.0,0,0.0
2026-08-12,WEDNESDAY,81,Present,0,6.0,1.0,33,45,81.81818181818183,0,0.0,2026-08-13,27.0,1.0,2.0,0,1.0
2026-08-13,THURSDAY,81,Present,0,6.0,1.0,34,45,82.35294117647058,0,0.0,2026-08-14,28.0,1.0,2.0,0,0.0
2026-08-14,FRIDAY,81,Present,0,6.0,1.0,35,45,82.85714285714286,0,0.0,2026-08-17,29.0,1.0,2.0,1,0.0
2026-08-17,MONDAY,81,Present,0,6.0,1.0,36,45,83.33333333333334,1,0.0,2026-08-18,30.0,0.0,2.0,0,0.0
2026-08-18,TUESDAY,81,Present,0,6.0,1.0,37,45,83.78378378378379,0,0.0,2026-08-19,31.0,0.0,2.0,0,0.0
2026-08-19,WEDNESDAY,81,Present,0,6.0,0.0,38,45,84.21052631578947,0,0.0,2026-08-20,32.0,0.0,1.0,0,0.0
2026-08-20,THURSDAY,81,Present,0,6.0,0.0,39,45,84.61538461538461,0,0.0,2026-08-21,33.0,0.0,1.0,0,0.0
2026-08-21,FRIDAY,81,Present,0,6.0,0.0,40,45,85.0,0,0.0,2026-08-22,34.0,0.0,1.0,1,0.0
2026-08-22,SATURDAY,81,Present,0,6.0,0.0,41,45,85.36585365853658,0,0.0,2026-08-24,35.0,0.0,1.0,0,0.0
2026-08-24,MONDAY,81,Present,0,6.0,0.0,42,45,85.71428571428571,1,0.0,2026-08-25,36.0,0.0,1.0,0,0.0
2026-08-25,TUESDAY,81,Present,0,6.0,0.0,43,45,86.04651162790698,0,0.0,2026-08-26,37.0,0.0,0.0,0,0.0
2026-08-26,WEDNESDAY,81,Present,0,6.0,0.0,44,45,86.36363636363636,0,0.0,2026-08-27,38.0,0.0,0.0,0,0.0
2026-08-27,THURSDAY,81,Present,0,6.0,0.0,45,45,86.66666666666667,0,0.0,2026-08-28,39.0,0.0,0.0,0,0.0
2026-08-28,FRIDAY,81,Present,0,6.0,0.0,46,45,86.95652173913044,0,0.0,2026-08-29,40.0,0.0,0.0,1,0.0
2026-08-29,SATURDAY,81,Present,0,6.0,0.0,47,45,87.2340425531915,0,0.0,2026-08-31,41.0,0.0,0.0,0,0.0
2026-08-31,MONDAY,81,Present,0,6.0,0.0,48,45,87.5,1,0.0,2026-09-01,42.0,0.0,0.0,0,0.0
2026-09-01,TUESDAY,81,Present,0,6.0,0.0,49,45,87.75510204081633,0,0.0,2026-09-02,43.0,0.0,0.0,0,0.0
2026-09-02,WEDNESDAY,81,Present,0,6.0,0.0,50,45,88.0,0,0.0,2026-09-03,44.0,0.0,0.0,0,0.0
2026-09-03,THURSDAY,81,Present,0,6.0,0.0,51,45,88.23529411764706,0,,,45.0,0.0,0.0,0,0.0
2026-07-01,WEDNESDAY,82,Present,0,0.0,0.0,0,47,0.0,0,0.0,2026-07-02,0.0,0.0,0.0,0,0.0
2026-07-02,THURSDAY,82,Present,0,0.0,0.0,1,47,100.0,0,0.0,2026-07-03,1.0,0.0,0.0,0,0.0
2026-07-03,FRIDAY,82,Present,0,0.0,0.0,2,47,100.0,0,0.0,2026-07-04,2.0,0.0,0.0,1,0.0
2026-07-04,SATURDAY,82,Present,0,0.0,0.0,3,47,100.0,0,0.0,2026-07-06,3.0,0.0,0.0,0,0.0
2026-07-06,MONDAY,82,Present,0,0.0,0.0,4,47,100.0,1,0.0,2026-07-07,4.0,0.0,0.0,0,0.0
2026-07-07,TUESDAY,82,Present,0,0.0,0.0,5,47,100.0,0,0.0,2026-07-08,5.0,0.0,0.0,0,0.0
2026-07-08,WEDNESDAY,82,Present,0,0.0,0.0,6,47,100.0,0,0.0,2026-07-09,6.0,0.0,0.0,0,0.0
2026-07-09,THURSDAY,82,Present,0,0.0,0.0,7,47,100.0,0,0.0,2026-07-10,7.0,0.0,0.0,0,0.0
2026-07-10,FRIDAY,82,Present,0,0.0,0.0,8,47,100.0,0,0.0,2026-07-13,8.0,0.0,0.0,1,0.0
2026-07-13,MONDAY,82,Present,0,0.0,0.0,9,47,100.0,1,0.0,2026-07-14,9.0,0.0,0.0,0,0.0
2026-07-14,TUESDAY,82,Present,0,0.0,0.0,10,47,100.0,0,0.0,2026-07-15,10.0,0.0,0.0,0,0.0
2026-07-15,WEDNESDAY,82,Present,0,0.0,0.0,11,47,100.0,0,0.0,2026-07-16,11.0,0.0,0.0,0,0.0
2026-07-16,THURSDAY,82,Present,0,0.0,0.0,12,47,100.0,0,0.0,2026-07-17,12.0,0.0,0.0,0,0.0
2026-07-17,FRIDAY,82,Present,0,0.0,0.0,13,47,100.0,0,1.0,2026-07-20,13.0,0.0,0.0,1,0.0
2026-07-20,MONDAY,82,Absent,1,0.0,0.0,14,47,100.0,1,0.0,2026-07-21,14.0,0.0,0.0,0,0.0
2026-07-21,TUESDAY,82,Present,0,1.0,1.0,15,47,93.33333333333333,0,0.0,2026-07-22,14.0,1.0,1.0,0,1.0
2026-07-22,WEDNESDAY,82,Present,0,1.0,1.0,16,47,93.75,0,0.0,2026-07-23,15.0,1.0,1.0,0,0.0
2026-07-23,THURSDAY,82,Present,0,1.0,1.0,17,47,94.11764705882352,0,0.0,2026-07-24,16.0,1.0,1.0,0,0.0
2026-07-24,FRIDAY,82,Present,0,1.0,1.0,18,47,94.44444444444444,0,0.0,2026-07-25,17.0,0.0,1.0,1,0.0
2026-07-25,SATURDAY,82,Present,0,1.0,1.0,19,47,94.73684210526315,0,0.0,2026-07-27,18.0,0.0,1.0,0,0.0
2026-07-27,MONDAY,82,Present,0,1.0,0.0,20,47,95.0,1,0.0,2026-07-28,19.0,0.0,1.0,0,0.0
2026-07-28,TUESDAY,82,Present,0,1.0,0.0,21,47,95.23809523809523,0,0.0,2026-07-29,20.0,0.0,1.0,0,0.0
2026-07-29,WEDNESDAY,82,Present,0,1.0,0.0,22,47,95.45454545454545,0,0.0,2026-07-30,21.0,0.0,1.0,0,0.0
2026-07-30,THURSDAY,82,Present,0,1.0,0.0,23,47,95.65217391304348,0,0.0,2026-07-31,22.0,0.0,1.0,0,0.0
2026-07-31,FRIDAY,82,Present,0,1.0,0.0,24,47,95.83333333333334,0,1.0,2026-08-03,23.0,0.0,1.0,1,0.0
2026-08-03,MONDAY,82,Absent,1,1.0,0.0,25,47,96.0,1,0.0,2026-08-04,24.0,0.0,0.0,0,0.0
2026-08-04,TUESDAY,82,Present,0,2.0,1.0,26,47,92.3076923076923,0,0.0,2026-08-05,24.0,1.0,1.0,0,1.0
2026-08-05,WEDNESDAY,82,Present,0,2.0,1.0,27,47,92.5925925925926,0,0.0,2026-08-06,25.0,1.0,1.0,0,0.0
2026-08-06,THURSDAY,82,Present,0,2.0,1.0,28,47,92.85714285714286,0,0.0,2026-08-07,26.0,1.0,1.0,0,0.0
2026-08-07,FRIDAY,82,Present,0,2.0,1.0,29,47,93.10344827586206,0,0.0,2026-08-08,27.0,0.0,1.0,1,0.0
2026-08-08,SATURDAY,82,Present,0,2.0,1.0,30,47,93.33333333333333,0,0.0,2026-08-10,28.0,0.0,1.0,0,0.0
2026-08-10,MONDAY,82,Present,0,2.0,0.0,31,47,93.54838709677419,1,0.0,2026-08-11,29.0,0.0,1.0,0,0.0
2026-08-11,TUESDAY,82,Present,0,2.0,0.0,32,47,93.75,0,0.0,2026-08-12,30.0,0.0,1.0,0,0.0
2026-08-12,WEDNESDAY,82,Present,0,2.0,0.0,33,47,93.93939393939394,0,0.0,2026-08-13,31.0,0.0,1.0,0,0.0
2026-08-13,THURSDAY,82,Present,0,2.0,0.0,34,47,94.11764705882352,0,0.0,2026-08-14,32.0,0.0,1.0,0,0.0
2026-08-14,FRIDAY,82,Present,0,2.0,0.0,35,47,94.28571428571428,0,0.0,2026-08-17,33.0,0.0,1.0,1,0.0
2026-08-17,MONDAY,82,Present,0,2.0,0.0,36,47,94.44444444444444,1,0.0,2026-08-18,34.0,0.0,0.0,0,0.0
2026-08-18,TUESDAY,82,Present,0,2.0,0.0,37,47,94.5945945945946,0,0.0,2026-08-19,35.0,0.0,0.0,0,0.0
2026-08-19,WEDNESDAY,82,Present,0,2.0,0.0,38,47,94.73684210526315,0,0.0,2026-08-20,36.0,0.0,0.0,0,0.0
2026-08-20,THURSDAY,82,Present,0,2.0,0.0,39,47,94.87179487179486,0,0.0,2026-08-21,37.0,0.0,0.0,0,0.0
2026-08-21,FRIDAY,82,Present,0,2.0,0.0,40,47,95.0,0,0.0,2026-08-22,38.0,0.0,0.0,1,0.0
2026-08-22,SATURDAY,82,Present,0,2.0,0.0,41,47,95.1219512195122,0,1.0,2026-08-24,39.0,0.0,0.0,0,0.0
2026-08-24,MONDAY,82,Absent,1,2.0,0.0,42,47,95.23809523809523,1,0.0,2026-08-25,40.0,0.0,0.0,0,0.0
2026-08-25,TUESDAY,82,Present,0,3.0,1.0,43,47,93.02325581395348,0,0.0,2026-08-26,40.0,1.0,1.0,0,1.0
2026-08-26,WEDNESDAY,82,Present,0,3.0,1.0,44,47,93.18181818181817,0,0.0,2026-08-27,41.0,1.0,1.0,0,0.0
2026-08-27,THURSDAY,82,Present,0,3.0,1.0,45,47,93.33333333333333,0,0.0,2026-08-28,42.0,1.0,1.0,0,0.0
2026-08-28,FRIDAY,82,Present,0,3.0,1.0,46,47,93.47826086956522,0,0.0,2026-08-29,43.0,0.0,1.0,1,0.0
2026-08-29,SATURDAY,82,Present,0,3.0,1.0,47,47,93.61702127659575,0,0.0,2026-08-31,44.0,0.0,1.0,0,0.0
2026-08-31,MONDAY,82,Present,0,3.0,0.0,48,47,93.75,1,1.0,2026-09-01,45.0,0.0,1.0,0,0.0
2026-09-01,TUESDAY,82,Absent,1,3.0,0.0,49,47,93.87755102040816,0,0.0,2026-09-02,46.0,0.0,1.0,0,0.0
2026-09-02,WEDNESDAY,82,Present,0,4.0,1.0,50,47,92.0,0,0.0,2026-09-03,46.0,1.0,2.0,0,1.0
2026-09-03,THURSDAY,82,Present,0,4.0,1.0,51,47,92.15686274509804,0,,,47.0,1.0,2.0,0,0.0
2026-07-01,WEDNESDAY,83,Present,0,0.0,0.0,0,48,0.0,0,0.0,2026-07-02,0.0,0.0,0.0,0,0.0
2026-07-02,THURSDAY,83,Present,0,0.0,0.0,1,48,100.0,0,0.0,2026-07-03,1.0,0.0,0.0,0,0.0
2026-07-03,FRIDAY,83,Present,0,0.0,0.0,2,48,100.0,0,0.0,2026-07-04,2.0,0.0,0.0,1,0.0
2026-07-04,SATURDAY,83,Present,0,0.0,0.0,3,48,100.0,0,0.0,2026-07-06,3.0,0.0,0.0,0,0.0
2026-07-06,MONDAY,83,Present,0,0.0,0.0,4,48,100.0,1,0.0,2026-07-07,4.0,0.0,0.0,0,0.0
2026-07-07,TUESDAY,83,Present,0,0.0,0.0,5,48,100.0,0,0.0,2026-07-08,5.0,0.0,0.0,0,0.0
2026-07-08,WEDNESDAY,83,Present,0,0.0,0.0,6,48,100.0,0,0.0,2026-07-09,6.0,0.0,0.0,0,0.0
2026-07-09,THURSDAY,83,Present,0,0.0,0.0,7,48,100.0,0,0.0,2026-07-10,7.0,0.0,0.0,0,0.0
2026-07-10,FRIDAY,83,Present,0,0.0,0.0,8,48,100.0,0,0.0,2026-07-13,8.0,0.0,0.0,1,0.0
2026-07-13,MONDAY,83,Present,0,0.0,0.0,9,48,100.0,1,0.0,2026-07-14,9.0,0.0,0.0,0,0.0
2026-07-14,TUESDAY,83,Present,0,0.0,0.0,10,48,100.0,0,0.0,2026-07-15,10.0,0.0,0.0,0,0.0
2026-07-15,WEDNESDAY,83,Present,0,0.0,0.0,11,48,100.0,0,0.0,2026-07-16,11.0,0.0,0.0,0,0.0
2026-07-16,THURSDAY,83,Present,0,0.0,0.0,12,48,100.0,0,0.0,2026-07-17,12.0,0.0,0.0,0,0.0
2026-07-17,FRIDAY,83,Present,0,0.0,0.0,13,48,100.0,0,0.0,2026-07-20,13.0,0.0,0.0,1,0.0
2026-07-20,MONDAY,83,Present,0,0.0,0.0,14,48,100.0,1,0.0,2026-07-21,14.0,0.0,0.0,0,0.0
2026-07-21,TUESDAY,83,Present,0,0.0,0.0,15,48,100.0,0,0.0,2026-07-22,15.0,0.0,0.0,0,0.0
2026-07-22,WEDNESDAY,83,Present,0,0.0,0.0,16,48,100.0,0,0.0,2026-07-23,16.0,0.0,0.0,0,0.0
2026-07-23,THURSDAY,83,Present,0,0.0,0.0,17,48,100.0,0,0.0,2026-07-24,17.0,0.0,0.0,0,0.0
2026-07-24,FRIDAY,83,Present,0,0.0,0.0,18,48,100.0,0,0.0,2026-07-25,18.0,0.0,0.0,1,0.0
2026-07-25,SATURDAY,83,Present,0,0.0,0.0,19,48,100.0,0,0.0,2026-07-27,19.0,0.0,0.0,0,0.0
2026-07-27,MONDAY,83,Present,0,0.0,0.0,20,48,100.0,1,1.0,2026-07-28,20.0,0.0,0.0,0,0.0
2026-07-28,TUESDAY,83,Absent,1,0.0,0.0,21,48,100.0,0,0.0,2026-07-29,21.0,0.0,0.0,0,0.0
2026-07-29,WEDNESDAY,83,Present,0,1.0,1.0,22,48,95.45454545454545,0,0.0,2026-07-30,21.0,1.0,1.0,0,1.0
2026-07-30,THURSDAY,83,Present,0,1.0,1.0,23,48,95.65217391304348,0,0.0,2026-07-31,22.0,1.0,1.0,0,0.0
2026-07-31,FRIDAY,83,Present,0,1.0,1.0,24,48,95.83333333333334,0,1.0,2026-08-03,23.0,1.0,1.0,1,0.0
2026-08-03,MONDAY,83,Absent,1,1.0,1.0,25,48,96.0,1,0.0,2026-08-04,24.0,0.0,1.0,0,0.0
2026-08-04,TUESDAY,83,Present,0,2.0,2.0,26,48,92.3076923076923,0,0.0,2026-08-05,24.0,1.0,2.0,0,1.0
2026-08-05,WEDNESDAY,83,Present,0,2.0,1.0,27,48,92.5925925925926,0,0.0,2026-08-06,25.0,1.0,2.0,0,0.0
2026-08-06,THURSDAY,83,Present,0,2.0,1.0,28,48,92.85714285714286,0,0.0,2026-08-07,26.0,1.0,2.0,0,0.0
2026-08-07,FRIDAY,83,Present,0,2.0,1.0,29,48,93.10344827586206,0,0.0,2026-08-08,27.0,0.0,2.0,1,0.0
2026-08-08,SATURDAY,83,Present,0,2.0,1.0,30,48,93.33333333333333,0,0.0,2026-08-10,28.0,0.0,2.0,0,0.0
2026-08-10,MONDAY,83,Present,0,2.0,0.0,31,48,93.54838709677419,1,0.0,2026-08-11,29.0,0.0,2.0,0,0.0
2026-08-11,TUESDAY,83,Present,0,2.0,0.0,32,48,93.75,0,0.0,2026-08-12,30.0,0.0,1.0,0,0.0
2026-08-12,WEDNESDAY,83,Present,0,2.0,0.0,33,48,93.93939393939394,0,0.0,2026-08-13,31.0,0.0,1.0,0,0.0
2026-08-13,THURSDAY,83,Present,0,2.0,0.0,34,48,94.11764705882352,0,1.0,2026-08-14,32.0,0.0,1.0,0,0.0
2026-08-14,FRIDAY,83,Absent,1,2.0,0.0,35,48,94.28571428571428,0,0.0,2026-08-17,33.0,0.0,1.0,1,0.0
2026-08-17,MONDAY,83,Present,0,3.0,1.0,36,48,91.66666666666666,1,0.0,2026-08-18,33.0,1.0,1.0,0,1.0
2026-08-18,TUESDAY,83,Present,0,3.0,1.0,37,48,91.8918918918919,0,0.0,2026-08-19,34.0,1.0,1.0,0,0.0
2026-08-19,WEDNESDAY,83,Present,0,3.0,1.0,38,48,92.10526315789474,0,0.0,2026-08-20,35.0,1.0,1.0,0,0.0
2026-08-20,THURSDAY,83,Present,0,3.0,1.0,39,48,92.3076923076923,0,0.0,2026-08-21,36.0,0.0,1.0,0,0.0
2026-08-21,FRIDAY,83,Present,0,3.0,1.0,40,48,92.5,0,0.0,2026-08-22,37.0,0.0,1.0,1,0.0
2026-08-22,SATURDAY,83,Present,0,3.0,0.0,41,48,92.6829268292683,0,0.0,2026-08-24,38.0,0.0,1.0,0,0.0
2026-08-24,MONDAY,83,Present,0,3.0,0.0,42,48,92.85714285714286,1,0.0,2026-08-25,39.0,0.0,1.0,0,0.0
2026-08-25,TUESDAY,83,Present,0,3.0,0.0,43,48,93.02325581395348,0,0.0,2026-08-26,40.0,0.0,1.0,0,0.0
2026-08-26,WEDNESDAY,83,Present,0,3.0,0.0,44,48,93.18181818181817,0,0.0,2026-08-27,41.0,0.0,1.0,0,0.0
2026-08-27,THURSDAY,83,Present,0,3.0,0.0,45,48,93.33333333333333,0,0.0,2026-08-28,42.0,0.0,1.0,0,0.0
2026-08-28,FRIDAY,83,Present,0,3.0,0.0,46,48,93.47826086956522,0,0.0,2026-08-29,43.0,0.0,0.0,1,0.0
2026-08-29,SATURDAY,83,Present,0,3.0,0.0,47,48,93.61702127659575,0,0.0,2026-08-31,44.0,0.0,0.0,0,0.0
2026-08-31,MONDAY,83,Present,0,3.0,0.0,48,48,93.75,1,0.0,2026-09-01,45.0,0.0,0.0,0,0.0
2026-09-01,TUESDAY,83,Present,0,3.0,0.0,49,48,93.87755102040816,0,0.0,2026-09-02,46.0,0.0,0.0,0,0.0
2026-09-02,WEDNESDAY,83,Present,0,3.0,0.0,50,48,94.0,0,0.0,2026-09-03,47.0,0.0,0.0,0,0.0
2026-09-03,THURSDAY,83,Present,0,3.0,0.0,51,48,94.11764705882352,0,,,48.0,0.0,0.0,0,0.0
2026-07-01,WEDNESDAY,84,Present,0,0.0,0.0,0,45,0.0,0,1.0,2026-07-02,0.0,0.0,0.0,0,0.0
2026-07-02,THURSDAY,84,Absent,1,0.0,0.0,1,45,100.0,0,0.0,2026-07-03,1.0,0.0,0.0,0,0.0
2026-07-03,FRIDAY,84,Present,0,1.0,1.0,2,45,50.0,0,0.0,2026-07-04,1.0,1.0,1.0,1,1.0
2026-07-04,SATURDAY,84,Present,0,1.0,1.0,3,45,66.66666666666666,0,0.0,2026-07-06,2.0,1.0,1.0,0,0.0
2026-07-06,MONDAY,84,Present,0,1.0,1.0,4,45,75.0,1,0.0,2026-07-07,3.0,1.0,1.0,0,0.0
2026-07-07,TUESDAY,84,Present,0,1.0,1.0,5,45,80.0,0,0.0,2026-07-08,4.0,0.0,1.0,0,0.0
2026-07-08,WEDNESDAY,84,Present,0,1.0,1.0,6,45,83.33333333333334,0,0.0,2026-07-09,5.0,0.0,1.0,0,0.0
2026-07-09,THURSDAY,84,Present,0,1.0,0.0,7,45,85.71428571428571,0,0.0,2026-07-10,6.0,0.0,1.0,0,0.0
2026-07-10,FRIDAY,84,Present,0,1.0,0.0,8,45,87.5,0,1.0,2026-07-13,7.0,0.0,1.0,1,0.0
2026-07-13,MONDAY,84,Absent,1,1.0,0.0,9,45,88.88888888888889,1,0.0,2026-07-14,8.0,0.0,1.0,0,0.0
2026-07-14,TUESDAY,84,Present,0,2.0,1.0,10,45,80.0,0,0.0,2026-07-15,8.0,1.0,2.0,0,1.0
2026-07-15,WEDNESDAY,84,Present,0,2.0,1.0,11,45,81.81818181818183,0,0.0,2026-07-16,9.0,1.0,2.0,0,0.0
2026-07-16,THURSDAY,84,Present,0,2.0,1.0,12,45,83.33333333333334,0,0.0,2026-07-17,10.0,1.0,1.0,0,0.0
2026-07-17,FRIDAY,84,Present,0,2.0,1.0,13,45,84.61538461538461,0,0.0,2026-07-20,11.0,0.0,1.0,1,0.0
2026-07-20,MONDAY,84,Present,0,2.0,1.0,14,45,85.71428571428571,1,0.0,2026-07-21,12.0,0.0,1.0,0,0.0
2026-07-21,TUESDAY,84,Present,0,2.0,0.0,15,45,86.66666666666667,0,0.0,2026-07-22,13.0,0.0,1.0,0,0.0
2026-07-22,WEDNESDAY,84,Present,0,2.0,0.0,16,45,87.5,0,1.0,2026-07-23,14.0,0.0,1.0,0,0.0
2026-07-23,THURSDAY,84,Absent,1,2.0,0.0,17,45,88.23529411764706,0,1.0,2026-07-24,15.0,0.0,1.0,0,0.0
2026-07-24,FRIDAY,84,Absent,1,3.0,1.0,18,45,83.33333333333334,0,1.0,2026-07-25,15.0,1.0,2.0,1,1.0
2026-07-25,SATURDAY,84,Absent,1,4.0,2.0,19,45,78.94736842105263,0,0.0,2026-07-27,15.0,2.0,3.0,0,1.0
2026-07-27,MONDAY,84,Present,0,5.0,3.0,20,45,75.0,1,0.0,2026-07-28,15.0,3.0,3.0,0,1.0
2026-07-28,TUESDAY,84,Present,0,5.0,3.0,21,45,76.19047619047619,0,0.0,2026-07-29,16.0,2.0,3.0,0,0.0
2026-07-29,WEDNESDAY,84,Present,0,5.0,3.0,22,45,77.27272727272727,0,0.0,2026-07-30,17.0,1.0,3.0,0,0.0
2026-07-30,THURSDAY,84,Present,0,5.0,2.0,23,45,78.26086956521739,0,0.0,2026-07-31,18.0,0.0,3.0,0,0.0
2026-07-31,FRIDAY,84,Present,0,5.0,1.0,24,45,79.16666666666666,0,0.0,2026-08-03,19.0,0.0,3.0,1,0.0
2026-08-03,MONDAY,84,Present,0,5.0,0.0,25,45,80.0,1,0.0,2026-08-04,20.0,0.0,3.0,0,0.0
2026-08-04,TUESDAY,84,Present,0,5.0,0.0,26,45,80.76923076923077,0,0.0,2026-08-05,21.0,0.0,3.0,0,0.0
2026-08-05,WEDNESDAY,84,Present,0,5.0,0.0,27,45,81.48148148148148,0,0.0,2026-08-06,22.0,0.0,3.0,0,0.0
2026-08-06,THURSDAY,84,Present,0,5.0,0.0,28,45,82.14285714285714,0,0.0,2026-08-07,23.0,0.0,2.0,0,0.0
2026-08-07,FRIDAY,84,Present,0,5.0,0.0,29,45,82.75862068965517,0,0.0,2026-08-08,24.0,0.0,1.0,1,0.0
2026-08-08,SATURDAY,84,Present,0,5.0,0.0,30,45,83.33333333333334,0,0.0,2026-08-10,25.0,0.0,0.0,0,0.0
2026-08-10,MONDAY,84,Present,0,5.0,0.0,31,45,83.87096774193549,1,0.0,2026-08-11,26.0,0.0,0.0,0,0.0
2026-08-11,TUESDAY,84,Present,0,5.0,0.0,32,45,84.375,0,0.0,2026-08-12,27.0,0.0,0.0,0,0.0
2026-08-12,WEDNESDAY,84,Present,0,5.0,0.0,33,45,84.84848484848484,0,0.0,2026-08-13,28.0,0.0,0.0,0,0.0
2026-08-13,THURSDAY,84,Present,0,5.0,0.0,34,45,85.29411764705883,0,0.0,2026-08-14,29.0,0.0,0.0,0,0.0
2026-08-14,FRIDAY,84,Present,0,5.0,0.0,35,45,85.71428571428571,0,0.0,2026-08-17,30.0,0.0,0.0,1,0.0
2026-08-17,MONDAY,84,Present,0,5.0,0.0,36,45,86.11111111111111,1,0.0,2026-08-18,31.0,0.0,0.0,0,0.0
2026-08-18,TUESDAY,84,Present,0,5.0,0.0,37,45,86.48648648648648,0,0.0,2026-08-19,32.0,0.0,0.0,0,0.0
2026-08-19,WEDNESDAY,84,Present,0,5.0,0.0,38,45,86.8421052631579,0,0.0,2026-08-20,33.0,0.0,0.0,0,0.0
2026-08-20,THURSDAY,84,Present,0,5.0,0.0,39,45,87.17948717948718,0,0.0,2026-08-21,34.0,0.0,0.0,0,0.0
2026-08-21,FRIDAY,84,Present,0,5.0,0.0,40,45,87.5,0,0.0,2026-08-22,35.0,0.0,0.0,1,0.0
2026-08-22,SATURDAY,84,Present,0,5.0,0.0,41,45,87.8048780487805,0,0.0,2026-08-24,36.0,0.0,0.0,0,0.0
2026-08-24,MONDAY,84,Present,0,5.0,0.0,42,45,88.09523809523809,1,1.0,2026-08-25,37.0,0.0,0.0,0,0.0
2026-08-25,TUESDAY,84,Absent,1,5.0,0.0,43,45,88.37209302325581,0,0.0,2026-08-26,38.0,0.0,0.0,0,0.0
2026-08-26,WEDNESDAY,84,Present,0,6.0,1.0,44,45,86.36363636363636,0,0.0,2026-08-27,38.0,1.0,1.0,0,1.0
2026-08-27,THURSDAY,84,Present,0,6.0,1.0,45,45,86.66666666666667,0,0.0,2026-08-28,39.0,1.0,1.0,0,0.0
2026-08-28,FRIDAY,84,Present,0,6.0,1.0,46,45,86.95652173913044,0,0.0,2026-08-29,40.0,1.0,1.0,1,0.0
2026-08-29,SATURDAY,84,Present,0,6.0,1.0,47,45,87.2340425531915,0,0.0,2026-08-31,41.0,0.0,1.0,0,0.0
2026-08-31,MONDAY,84,Present,0,6.0,1.0,48,45,87.5,1,0.0,2026-09-01,42.0,0.0,1.0,0,0.0
2026-09-01,TUESDAY,84,Present,0,6.0,0.0,49,45,87.75510204081633,0,0.0,2026-09-02,43.0,0.0,1.0,0,0.0
2026-09-02,WEDNESDAY,84,Present,0,6.0,0.0,50,45,88.0,0,0.0,2026-09-03,44.0,0.0,1.0,0,0.0
2026-09-03,THURSDAY,84,Present,0,6.0,0.0,51,45,88.23529411764706,0,,,45.0,0.0,1.0,0,0.0
2026-07-01,WEDNESDAY,85,Present,0,0.0,0.0,0,48,0.0,0,0.0,2026-07-02,0.0,0.0,0.0,0,0.0
2026-07-02,THURSDAY,85,Present,0,0.0,0.0,1,48,100.0,0,0.0,2026-07-03,1.0,0.0,0.0,0,0.0
2026-07-03,FRIDAY,85,Present,0,0.0,0.0,2,48,100.0,0,0.0,2026-07-04,2.0,0.0,0.0,1,0.0
2026-07-04,SATURDAY,85,Present,0,0.0,0.0,3,48,100.0,0,0.0,2026-07-06,3.0,0.0,0.0,0,0.0
2026-07-06,MONDAY,85,Present,0,0.0,0.0,4,48,100.0,1,0.0,2026-07-07,4.0,0.0,0.0,0,0.0
2026-07-07,TUESDAY,85,Present,0,0.0,0.0,5,48,100.0,0,0.0,2026-07-08,5.0,0.0,0.0,0,0.0
2026-07-08,WEDNESDAY,85,Present,0,0.0,0.0,6,48,100.0,0,0.0,2026-07-09,6.0,0.0,0.0,0,0.0
2026-07-09,THURSDAY,85,Present,0,0.0,0.0,7,48,100.0,0,0.0,2026-07-10,7.0,0.0,0.0,0,0.0
2026-07-10,FRIDAY,85,Present,0,0.0,0.0,8,48,100.0,0,0.0,2026-07-13,8.0,0.0,0.0,1,0.0
2026-07-13,MONDAY,85,Present,0,0.0,0.0,9,48,100.0,1,0.0,2026-07-14,9.0,0.0,0.0,0,0.0
2026-07-14,TUESDAY,85,Present,0,0.0,0.0,10,48,100.0,0,0.0,2026-07-15,10.0,0.0,0.0,0,0.0
2026-07-15,WEDNESDAY,85,Present,0,0.0,0.0,11,48,100.0,0,0.0,2026-07-16,11.0,0.0,0.0,0,0.0
2026-07-16,THURSDAY,85,Present,0,0.0,0.0,12,48,100.0,0,0.0,2026-07-17,12.0,0.0,0.0,0,0.0
2026-07-17,FRIDAY,85,Present,0,0.0,0.0,13,48,100.0,0,0.0,2026-07-20,13.0,0.0,0.0,1,0.0
2026-07-20,MONDAY,85,Present,0,0.0,0.0,14,48,100.0,1,0.0,2026-07-21,14.0,0.0,0.0,0,0.0
2026-07-21,TUESDAY,85,Present,0,0.0,0.0,15,48,100.0,0,0.0,2026-07-22,15.0,0.0,0.0,0,0.0
2026-07-22,WEDNESDAY,85,Present,0,0.0,0.0,16,48,100.0,0,1.0,2026-07-23,16.0,0.0,0.0,0,0.0
2026-07-23,THURSDAY,85,Absent,1,0.0,0.0,17,48,100.0,0,0.0,2026-07-24,17.0,0.0,0.0,0,0.0
2026-07-24,FRIDAY,85,Present,0,1.0,1.0,18,48,94.44444444444444,0,0.0,2026-07-25,17.0,1.0,1.0,1,1.0
2026-07-25,SATURDAY,85,Present,0,1.0,1.0,19,48,94.73684210526315,0,0.0,2026-07-27,18.0,1.0,1.0,0,0.0
2026-07-27,MONDAY,85,Present,0,1.0,1.0,20,48,95.0,1,0.0,2026-07-28,19.0,1.0,1.0,0,0.0
2026-07-28,TUESDAY,85,Present,0,1.0,1.0,21,48,95.23809523809523,0,0.0,2026-07-29,20.0,0.0,1.0,0,0.0
2026-07-29,WEDNESDAY,85,Present,0,1.0,1.0,22,48,95.45454545454545,0,0.0,2026-07-30,21.0,0.0,1.0,0,0.0
2026-07-30,THURSDAY,85,Present,0,1.0,0.0,23,48,95.65217391304348,0,0.0,2026-07-31,22.0,0.0,1.0,0,0.0
2026-07-31,FRIDAY,85,Present,0,1.0,0.0,24,48,95.83333333333334,0,1.0,2026-08-03,23.0,0.0,1.0,1,0.0
2026-08-03,MONDAY,85,Absent,1,1.0,0.0,25,48,96.0,1,0.0,2026-08-04,24.0,0.0,1.0,0,0.0
2026-08-04,TUESDAY,85,Present,0,2.0,1.0,26,48,92.3076923076923,0,0.0,2026-08-05,24.0,1.0,2.0,0,1.0
2026-08-05,WEDNESDAY,85,Present,0,2.0,1.0,27,48,92.5925925925926,0,0.0,2026-08-06,25.0,1.0,2.0,0,0.0
2026-08-06,THURSDAY,85,Present,0,2.0,1.0,28,48,92.85714285714286,0,0.0,2026-08-07,26.0,1.0,1.0,0,0.0
2026-08-07,FRIDAY,85,Present,0,2.0,1.0,29,48,93.10344827586206,0,0.0,2026-08-08,27.0,0.0,1.0,1,0.0
2026-08-08,SATURDAY,85,Present,0,2.0,1.0,30,48,93.33333333333333,0,0.0,2026-08-10,28.0,0.0,1.0,0,0.0
2026-08-10,MONDAY,85,Present,0,2.0,0.0,31,48,93.54838709677419,1,0.0,2026-08-11,29.0,0.0,1.0,0,0.0
2026-08-11,TUESDAY,85,Present,0,2.0,0.0,32,48,93.75,0,0.0,2026-08-12,30.0,0.0,1.0,0,0.0
2026-08-12,WEDNESDAY,85,Present,0,2.0,0.0,33,48,93.93939393939394,0,0.0,2026-08-13,31.0,0.0,1.0,0,0.0
2026-08-13,THURSDAY,85,Present,0,2.0,0.0,34,48,94.11764705882352,0,0.0,2026-08-14,32.0,0.0,1.0,0,0.0
2026-08-14,FRIDAY,85,Present,0,2.0,0.0,35,48,94.28571428571428,0,1.0,2026-08-17,33.0,0.0,1.0,1,0.0
2026-08-17,MONDAY,85,Absent,1,2.0,0.0,36,48,94.44444444444444,1,0.0,2026-08-18,34.0,0.0,0.0,0,0.0
2026-08-18,TUESDAY,85,Present,0,3.0,1.0,37,48,91.8918918918919,0,0.0,2026-08-19,34.0,1.0,1.0,0,1.0
2026-08-19,WEDNESDAY,85,Present,0,3.0,1.0,38,48,92.10526315789474,0,0.0,2026-08-20,35.0,1.0,1.0,0,0.0
2026-08-20,THURSDAY,85,Present,0,3.0,1.0,39,48,92.3076923076923,0,0.0,2026-08-21,36.0,1.0,1.0,0,0.0
2026-08-21,FRIDAY,85,Present,0,3.0,1.0,40,48,92.5,0,0.0,2026-08-22,37.0,0.0,1.0,1,0.0
2026-08-22,SATURDAY,85,Present,0,3.0,1.0,41,48,92.6829268292683,0,0.0,2026-08-24,38.0,0.0,1.0,0,0.0
2026-08-24,MONDAY,85,Present,0,3.0,0.0,42,48,92.85714285714286,1,0.0,2026-08-25,39.0,0.0,1.0,0,0.0
2026-08-25,TUESDAY,85,Present,0,3.0,0.0,43,48,93.02325581395348,0,0.0,2026-08-26,40.0,0.0,1.0,0,0.0
2026-08-26,WEDNESDAY,85,Present,0,3.0,0.0,44,48,93.18181818181817,0,0.0,2026-08-27,41.0,0.0,1.0,0,0.0
2026-08-27,THURSDAY,85,Present,0,3.0,0.0,45,48,93.33333333333333,0,0.0,2026-08-28,42.0,0.0,1.0,0,0.0
2026-08-28,FRIDAY,85,Present,0,3.0,0.0,46,48,93.47826086956522,0,0.0,2026-08-29,43.0,0.0,1.0,1,0.0
2026-08-29,SATURDAY,85,Present,0,3.0,0.0,47,48,93.61702127659575,0,0.0,2026-08-31,44.0,0.0,0.0,0,0.0
2026-08-31,MONDAY,85,Present,0,3.0,0.0,48,48,93.75,1,0.0,2026-09-01,45.0,0.0,0.0,0,0.0
2026-09-01,TUESDAY,85,Present,0,3.0,0.0,49,48,93.87755102040816,0,0.0,2026-09-02,46.0,0.0,0.0,0,0.0
2026-09-02,WEDNESDAY,85,Present,0,3.0,0.0,50,48,94.0,0,1.0,2026-09-03,47.0,0.0,0.0,0,0.0
2026-09-03,THURSDAY,85,Absent,1,3.0,0.0,51,48,94.11764705882352,0,,,48.0,0.0,0.0,0,0.0
2026-07-01,WEDNESDAY,86,Present,0,0.0,0.0,0,44,0.0,0,0.0,2026-07-02,0.0,0.0,0.0,0,0.0
2026-07-02,THURSDAY,86,Present,0,0.0,0.0,1,44,100.0,0,0.0,2026-07-03,1.0,0.0,0.0,0,0.0
2026-07-03,FRIDAY,86,Present,0,0.0,0.0,2,44,100.0,0,0.0,2026-07-04,2.0,0.0,0.0,1,0.0
2026-07-04,SATURDAY,86,Present,0,0.0,0.0,3,44,100.0,0,0.0,2026-07-06,3.0,0.0,0.0,0,0.0
2026-07-06,MONDAY,86,Present,0,0.0,0.0,4,44,100.0,1,0.0,2026-07-07,4.0,0.0,0.0,0,0.0
2026-07-07,TUESDAY,86,Present,0,0.0,0.0,5,44,100.0,0,0.0,2026-07-08,5.0,0.0,0.0,0,0.0
2026-07-08,WEDNESDAY,86,Present,0,0.0,0.0,6,44,100.0,0,0.0,2026-07-09,6.0,0.0,0.0,0,0.0
2026-07-09,THURSDAY,86,Present,0,0.0,0.0,7,44,100.0,0,1.0,2026-07-10,7.0,0.0,0.0,0,0.0
2026-07-10,FRIDAY,86,Absent,1,0.0,0.0,8,44,100.0,0,0.0,2026-07-13,8.0,0.0,0.0,1,0.0
2026-07-13,MONDAY,86,Present,0,1.0,1.0,9,44,88.88888888888889,1,0.0,2026-07-14,8.0,1.0,1.0,0,1.0
2026-07-14,TUESDAY,86,Present,0,1.0,1.0,10,44,90.0,0,0.0,2026-07-15,9.0,1.0,1.0,0,0.0
2026-07-15,WEDNESDAY,86,Present,0,1.0,1.0,11,44,90.9090909090909,0,0.0,2026-07-16,10.0,1.0,1.0,0,0.0
2026-07-16,THURSDAY,86,Present,0,1.0,1.0,12,44,91.66666666666666,0,0.0,2026-07-17,11.0,0.0,1.0,0,0.0
2026-07-17,FRIDAY,86,Present,0,1.0,1.0,13,44,92.3076923076923,0,0.0,2026-07-20,12.0,0.0,1.0,1,0.0
2026-07-20,MONDAY,86,Present,0,1.0,0.0,14,44,92.85714285714286,1,0.0,2026-07-21,13.0,0.0,1.0,0,0.0
2026-07-21,TUESDAY,86,Present,0,1.0,0.0,15,44,93.33333333333333,0,0.0,2026-07-22,14.0,0.0,1.0,0,0.0
2026-07-22,WEDNESDAY,86,Present,0,1.0,0.0,16,44,93.75,0,1.0,2026-07-23,15.0,0.0,1.0,0,0.0
2026-07-23,THURSDAY,86,Absent,1,1.0,0.0,17,44,94.11764705882352,0,1.0,2026-07-24,16.0,0.0,1.0,0,0.0
2026-07-24,FRIDAY,86,Absent,1,2.0,1.0,18,44,88.88888888888889,0,1.0,2026-07-25,16.0,1.0,2.0,1,1.0
2026-07-25,SATURDAY,86,Absent,1,3.0,2.0,19,44,84.21052631578947,0,1.0,2026-07-27,16.0,2.0,2.0,0,1.0
2026-07-27,MONDAY,86,Absent,1,4.0,3.0,20,44,80.0,1,0.0,2026-07-28,16.0,3.0,3.0,0,1.0
2026-07-28,TUESDAY,86,Present,0,5.0,4.0,21,44,76.19047619047619,0,0.0,2026-07-29,16.0,3.0,4.0,0,1.0
2026-07-29,WEDNESDAY,86,Present,0,5.0,4.0,22,44,77.27272727272727,0,0.0,2026-07-30,17.0,2.0,4.0,0,0.0
2026-07-30,THURSDAY,86,Present,0,5.0,3.0,23,44,78.26086956521739,0,0.0,2026-07-31,18.0,1.0,4.0,0,0.0
2026-07-31,FRIDAY,86,Present,0,5.0,2.0,24,44,79.16666666666666,0,0.0,2026-08-03,19.0,0.0,4.0,1,0.0
2026-08-03,MONDAY,86,Present,0,5.0,1.0,25,44,80.0,1,0.0,2026-08-04,20.0,0.0,4.0,0,0.0
2026-08-04,TUESDAY,86,Present,0,5.0,0.0,26,44,80.76923076923077,0,0.0,2026-08-05,21.0,0.0,4.0,0,0.0
2026-08-05,WEDNESDAY,86,Present,0,5.0,0.0,27,44,81.48148148148148,0,0.0,2026-08-06,22.0,0.0,4.0,0,0.0
2026-08-06,THURSDAY,86,Present,0,5.0,0.0,28,44,82.14285714285714,0,0.0,2026-08-07,23.0,0.0,3.0,0,0.0
2026-08-07,FRIDAY,86,Present,0,5.0,0.0,29,44,82.75862068965517,0,0.0,2026-08-08,24.0,0.0,2.0,1,0.0
2026-08-08,SATURDAY,86,Present,0,5.0,0.0,30,44,83.33333333333334,0,0.0,2026-08-10,25.0,0.0,1.0,0,0.0
2026-08-10,MONDAY,86,Present,0,5.0,0.0,31,44,83.87096774193549,1,0.0,2026-08-11,26.0,0.0,0.0,0,0.0
2026-08-11,TUESDAY,86,Present,0,5.0,0.0,32,44,84.375,0,0.0,2026-08-12,27.0,0.0,0.0,0,0.0
2026-08-12,WEDNESDAY,86,Present,0,5.0,0.0,33,44,84.84848484848484,0,0.0,2026-08-13,28.0,0.0,0.0,0,0.0
2026-08-13,THURSDAY,86,Present,0,5.0,0.0,34,44,85.29411764705883,0,0.0,2026-08-14,29.0,0.0,0.0,0,0.0
2026-08-14,FRIDAY,86,Present,0,5.0,0.0,35,44,85.71428571428571,0,0.0,2026-08-17,30.0,0.0,0.0,1,0.0
2026-08-17,MONDAY,86,Present,0,5.0,0.0,36,44,86.11111111111111,1,0.0,2026-08-18,31.0,0.0,0.0,0,0.0
2026-08-18,TUESDAY,86,Present,0,5.0,0.0,37,44,86.48648648648648,0,0.0,2026-08-19,32.0,0.0,0.0,0,0.0
2026-08-19,WEDNESDAY,86,Present,0,5.0,0.0,38,44,86.8421052631579,0,0.0,2026-08-20,33.0,0.0,0.0,0,0.0
2026-08-20,THURSDAY,86,Present,0,5.0,0.0,39,44,87.17948717948718,0,0.0,2026-08-21,34.0,0.0,0.0,0,0.0
2026-08-21,FRIDAY,86,Present,0,5.0,0.0,40,44,87.5,0,0.0,2026-08-22,35.0,0.0,0.0,1,0.0
2026-08-22,SATURDAY,86,Present,0,5.0,0.0,41,44,87.8048780487805,0,1.0,2026-08-24,36.0,0.0,0.0,0,0.0
2026-08-24,MONDAY,86,Absent,1,5.0,0.0,42,44,88.09523809523809,1,1.0,2026-08-25,37.0,0.0,0.0,0,0.0
2026-08-25,TUESDAY,86,Absent,1,6.0,1.0,43,44,86.04651162790698,0,0.0,2026-08-26,37.0,1.0,1.0,0,1.0
2026-08-26,WEDNESDAY,86,Present,0,7.0,2.0,44,44,84.0909090909091,0,0.0,2026-08-27,37.0,2.0,2.0,0,1.0
2026-08-27,THURSDAY,86,Present,0,7.0,2.0,45,44,84.44444444444444,0,0.0,2026-08-28,38.0,2.0,2.0,0,0.0
2026-08-28,FRIDAY,86,Present,0,7.0,2.0,46,44,84.78260869565217,0,0.0,2026-08-29,39.0,1.0,2.0,1,0.0
2026-08-29,SATURDAY,86,Present,0,7.0,2.0,47,44,85.1063829787234,0,0.0,2026-08-31,40.0,0.0,2.0,0,0.0
2026-08-31,MONDAY,86,Present,0,7.0,1.0,48,44,85.41666666666666,1,0.0,2026-09-01,41.0,0.0,2.0,0,0.0
2026-09-01,TUESDAY,86,Present,0,7.0,0.0,49,44,85.71428571428571,0,0.0,2026-09-02,42.0,0.0,2.0,0,0.0
2026-09-02,WEDNESDAY,86,Present,0,7.0,0.0,50,44,86.0,0,0.0,2026-09-03,43.0,0.0,2.0,0,0.0
2026-09-03,THURSDAY,86,Present,0,7.0,0.0,51,44,86.27450980392157,0,,,44.0,0.0,2.0,0,0.0
2026-07-01,WEDNESDAY,87,Present,0,0.0,0.0,0,46,0.0,0,0.0,2026-07-02,0.0,0.0,0.0,0,0.0
2026-07-02,THURSDAY,87,Present,0,0.0,0.0,1,46,100.0,0,0.0,2026-07-03,1.0,0.0,0.0,0,0.0
2026-07-03,FRIDAY,87,Present,0,0.0,0.0,2,46,100.0,0,1.0,2026-07-04,2.0,0.0,0.0,1,0.0
2026-07-04,SATURDAY,87,Absent,1,0.0,0.0,3,46,100.0,0,0.0,2026-07-06,3.0,0.0,0.0,0,0.0
2026-07-06,MONDAY,87,Present,0,1.0,1.0,4,46,75.0,1,0.0,2026-07-07,3.0,1.0,1.0,0,1.0
2026-07-07,TUESDAY,87,Present,0,1.0,1.0,5,46,80.0,0,0.0,2026-07-08,4.0,1.0,1.0,0,0.0
2026-07-08,WEDNESDAY,87,Present,0,1.0,1.0,6,46,83.33333333333334,0,0.0,2026-07-09,5.0,1.0,1.0,0,0.0
2026-07-09,THURSDAY,87,Present,0,1.0,1.0,7,46,85.71428571428571,0,0.0,2026-07-10,6.0,0.0,1.0,0,0.0
2026-07-10,FRIDAY,87,Present,0,1.0,1.0,8,46,87.5,0,1.0,2026-07-13,7.0,0.0,1.0,1,0.0
2026-07-13,MONDAY,87,Absent,1,1.0,0.0,9,46,88.88888888888889,1,0.0,2026-07-14,8.0,0.0,1.0,0,0.0
2026-07-14,TUESDAY,87,Present,0,2.0,1.0,10,46,80.0,0,0.0,2026-07-15,8.0,1.0,2.0,0,1.0
2026-07-15,WEDNESDAY,87,Present,0,2.0,1.0,11,46,81.81818181818183,0,0.0,2026-07-16,9.0,1.0,2.0,0,0.0
2026-07-16,THURSDAY,87,Present,0,2.0,1.0,12,46,83.33333333333334,0,0.0,2026-07-17,10.0,1.0,2.0,0,0.0
2026-07-17,FRIDAY,87,Present,0,2.0,1.0,13,46,84.61538461538461,0,0.0,2026-07-20,11.0,0.0,2.0,1,0.0
2026-07-20,MONDAY,87,Present,0,2.0,1.0,14,46,85.71428571428571,1,0.0,2026-07-21,12.0,0.0,1.0,0,0.0
2026-07-21,TUESDAY,87,Present,0,2.0,0.0,15,46,86.66666666666667,0,0.0,2026-07-22,13.0,0.0,1.0,0,0.0
2026-07-22,WEDNESDAY,87,Present,0,2.0,0.0,16,46,87.5,0,0.0,2026-07-23,14.0,0.0,1.0,0,0.0
2026-07-23,THURSDAY,87,Present,0,2.0,0.0,17,46,88.23529411764706,0,0.0,2026-07-24,15.0,0.0,1.0,0,0.0
2026-07-24,FRIDAY,87,Present,0,2.0,0.0,18,46,88.88888888888889,0,0.0,2026-07-25,16.0,0.0,1.0,1,0.0
2026-07-25,SATURDAY,87,Present,0,2.0,0.0,19,46,89.47368421052632,0,0.0,2026-07-27,17.0,0.0,1.0,0,0.0
2026-07-27,MONDAY,87,Present,0,2.0,0.0,20,46,90.0,1,0.0,2026-07-28,18.0,0.0,0.0,0,0.0
2026-07-28,TUESDAY,87,Present,0,2.0,0.0,21,46,90.47619047619048,0,0.0,2026-07-29,19.0,0.0,0.0,0,0.0
2026-07-29,WEDNESDAY,87,Present,0,2.0,0.0,22,46,90.9090909090909,0,0.0,2026-07-30,20.0,0.0,0.0,0,0.0
2026-07-30,THURSDAY,87,Present,0,2.0,0.0,23,46,91.30434782608695,0,0.0,2026-07-31,21.0,0.0,0.0,0,0.0
2026-07-31,FRIDAY,87,Present,0,2.0,0.0,24,46,91.66666666666666,0,1.0,2026-08-03,22.0,0.0,0.0,1,0.0
2026-08-03,MONDAY,87,Absent,1,2.0,0.0,25,46,92.0,1,0.0,2026-08-04,23.0,0.0,0.0,0,0.0
2026-08-04,TUESDAY,87,Present,0,3.0,1.0,26,46,88.46153846153845,0,0.0,2026-08-05,23.0,1.0,1.0,0,1.0
2026-08-05,WEDNESDAY,87,Present,0,3.0,1.0,27,46,88.88888888888889,0,0.0,2026-08-06,24.0,1.0,1.0,0,0.0
2026-08-06,THURSDAY,87,Present,0,3.0,1.0,28,46,89.28571428571429,0,0.0,2026-08-07,25.0,1.0,1.0,0,0.0
2026-08-07,FRIDAY,87,Present,0,3.0,1.0,29,46,89.65517241379311,0,0.0,2026-08-08,26.0,0.0,1.0,1,0.0
2026-08-08,SATURDAY,87,Present,0,3.0,1.0,30,46,90.0,0,1.0,2026-08-10,27.0,0.0,1.0,0,0.0
2026-08-10,MONDAY,87,Absent,1,3.0,0.0,31,46,90.32258064516128,1,0.0,2026-08-11,28.0,0.0,1.0,0,0.0
2026-08-11,TUESDAY,87,Present,0,4.0,1.0,32,46,87.5,0,0.0,2026-08-12,28.0,1.0,2.0,0,1.0
2026-08-12,WEDNESDAY,87,Present,0,4.0,1.0,33,46,87.87878787878788,0,0.0,2026-08-13,29.0,1.0,2.0,0,0.0
2026-08-13,THURSDAY,87,Present,0,4.0,1.0,34,46,88.23529411764706,0,0.0,2026-08-14,30.0,1.0,2.0,0,0.0
2026-08-14,FRIDAY,87,Present,0,4.0,1.0,35,46,88.57142857142857,0,0.0,2026-08-17,31.0,0.0,2.0,1,0.0
2026-08-17,MONDAY,87,Present,0,4.0,1.0,36,46,88.88888888888889,1,0.0,2026-08-18,32.0,0.0,1.0,0,0.0
2026-08-18,TUESDAY,87,Present,0,4.0,0.0,37,46,89.1891891891892,0,0.0,2026-08-19,33.0,0.0,1.0,0,0.0
2026-08-19,WEDNESDAY,87,Present,0,4.0,0.0,38,46,89.47368421052632,0,0.0,2026-08-20,34.0,0.0,1.0,0,0.0
2026-08-20,THURSDAY,87,Present,0,4.0,0.0,39,46,89.74358974358975,0,0.0,2026-08-21,35.0,0.0,1.0,0,0.0
2026-08-21,FRIDAY,87,Present,0,4.0,0.0,40,46,90.0,0,0.0,2026-08-22,36.0,0.0,1.0,1,0.0
2026-08-22,SATURDAY,87,Present,0,4.0,0.0,41,46,90.2439024390244,0,0.0,2026-08-24,37.0,0.0,1.0,0,0.0
2026-08-24,MONDAY,87,Present,0,4.0,0.0,42,46,90.47619047619048,1,1.0,2026-08-25,38.0,0.0,0.0,0,0.0
2026-08-25,TUESDAY,87,Absent,1,4.0,0.0,43,46,90.69767441860465,0,0.0,2026-08-26,39.0,0.0,0.0,0,0.0
2026-08-26,WEDNESDAY,87,Present,0,5.0,1.0,44,46,88.63636363636364,0,0.0,2026-08-27,39.0,1.0,1.0,0,1.0
2026-08-27,THURSDAY,87,Present,0,5.0,1.0,45,46,88.88888888888889,0,0.0,2026-08-28,40.0,1.0,1.0,0,0.0
2026-08-28,FRIDAY,87,Present,0,5.0,1.0,46,46,89.13043478260869,0,0.0,2026-08-29,41.0,1.0,1.0,1,0.0
2026-08-29,SATURDAY,87,Present,0,5.0,1.0,47,46,89.36170212765957,0,0.0,2026-08-31,42.0,0.0,1.0,0,0.0
2026-08-31,MONDAY,87,Present,0,5.0,1.0,48,46,89.58333333333334,1,0.0,2026-09-01,43.0,0.0,1.0,0,0.0
2026-09-01,TUESDAY,87,Present,0,5.0,0.0,49,46,89.79591836734694,0,0.0,2026-09-02,44.0,0.0,1.0,0,0.0
2026-09-02,WEDNESDAY,87,Present,0,5.0,0.0,50,46,90.0,0,0.0,2026-09-03,45.0,0.0,1.0,0,0.0
2026-09-03,THURSDAY,87,Present,0,5.0,0.0,51,46,90.19607843137256,0,,,46.0,0.0,1.0,0,0.0
2026-07-01,WEDNESDAY,88,Present,0,0.0,0.0,0,50,0.0,0,0.0,2026-07-02,0.0,0.0,0.0,0,0.0
2026-07-02,THURSDAY,88,Present,0,0.0,0.0,1,50,100.0,0,0.0,2026-07-03,1.0,0.0,0.0,0,0.0
2026-07-03,FRIDAY,88,Present,0,0.0,0.0,2,50,100.0,0,0.0,2026-07-04,2.0,0.0,0.0,1,0.0
2026-07-04,SATURDAY,88,Present,0,0.0,0.0,3,50,100.0,0,0.0,2026-07-06,3.0,0.0,0.0,0,0.0
2026-07-06,MONDAY,88,Present,0,0.0,0.0,4,50,100.0,1,0.0,2026-07-07,4.0,0.0,0.0,0,0.0
2026-07-07,TUESDAY,88,Present,0,0.0,0.0,5,50,100.0,0,0.0,2026-07-08,5.0,0.0,0.0,0,0.0
2026-07-08,WEDNESDAY,88,Present,0,0.0,0.0,6,50,100.0,0,0.0,2026-07-09,6.0,0.0,0.0,0,0.0
2026-07-09,THURSDAY,88,Present,0,0.0,0.0,7,50,100.0,0,0.0,2026-07-10,7.0,0.0,0.0,0,0.0
2026-07-10,FRIDAY,88,Present,0,0.0,0.0,8,50,100.0,0,0.0,2026-07-13,8.0,0.0,0.0,1,0.0
2026-07-13,MONDAY,88,Present,0,0.0,0.0,9,50,100.0,1,0.0,2026-07-14,9.0,0.0,0.0,0,0.0
2026-07-14,TUESDAY,88,Present,0,0.0,0.0,10,50,100.0,0,0.0,2026-07-15,10.0,0.0,0.0,0,0.0
2026-07-15,WEDNESDAY,88,Present,0,0.0,0.0,11,50,100.0,0,0.0,2026-07-16,11.0,0.0,0.0,0,0.0
2026-07-16,THURSDAY,88,Present,0,0.0,0.0,12,50,100.0,0,0.0,2026-07-17,12.0,0.0,0.0,0,0.0
2026-07-17,FRIDAY,88,Present,0,0.0,0.0,13,50,100.0,0,0.0,2026-07-20,13.0,0.0,0.0,1,0.0
2026-07-20,MONDAY,88,Present,0,0.0,0.0,14,50,100.0,1,0.0,2026-07-21,14.0,0.0,0.0,0,0.0
2026-07-21,TUESDAY,88,Present,0,0.0,0.0,15,50,100.0,0,0.0,2026-07-22,15.0,0.0,0.0,0,0.0
2026-07-22,WEDNESDAY,88,Present,0,0.0,0.0,16,50,100.0,0,0.0,2026-07-23,16.0,0.0,0.0,0,0.0
2026-07-23,THURSDAY,88,Present,0,0.0,0.0,17,50,100.0,0,0.0,2026-07-24,17.0,0.0,0.0,0,0.0
2026-07-24,FRIDAY,88,Present,0,0.0,0.0,18,50,100.0,0,0.0,2026-07-25,18.0,0.0,0.0,1,0.0
2026-07-25,SATURDAY,88,Present,0,0.0,0.0,19,50,100.0,0,0.0,2026-07-27,19.0,0.0,0.0,0,0.0
2026-07-27,MONDAY,88,Present,0,0.0,0.0,20,50,100.0,1,0.0,2026-07-28,20.0,0.0,0.0,0,0.0
2026-07-28,TUESDAY,88,Present,0,0.0,0.0,21,50,100.0,0,0.0,2026-07-29,21.0,0.0,0.0,0,0.0
2026-07-29,WEDNESDAY,88,Present,0,0.0,0.0,22,50,100.0,0,0.0,2026-07-30,22.0,0.0,0.0,0,0.0
2026-07-30,THURSDAY,88,Present,0,0.0,0.0,23,50,100.0,0,0.0,2026-07-31,23.0,0.0,0.0,0,0.0
2026-07-31,FRIDAY,88,Present,0,0.0,0.0,24,50,100.0,0,0.0,2026-08-03,24.0,0.0,0.0,1,0.0
2026-08-03,MONDAY,88,Present,0,0.0,0.0,25,50,100.0,1,0.0,2026-08-04,25.0,0.0,0.0,0,0.0
2026-08-04,TUESDAY,88,Present,0,0.0,0.0,26,50,100.0,0,0.0,2026-08-05,26.0,0.0,0.0,0,0.0
2026-08-05,WEDNESDAY,88,Present,0,0.0,0.0,27,50,100.0,0,0.0,2026-08-06,27.0,0.0,0.0,0,0.0
2026-08-06,THURSDAY,88,Present,0,0.0,0.0,28,50,100.0,0,0.0,2026-08-07,28.0,0.0,0.0,0,0.0
2026-08-07,FRIDAY,88,Present,0,0.0,0.0,29,50,100.0,0,0.0,2026-08-08,29.0,0.0,0.0,1,0.0
2026-08-08,SATURDAY,88,Present,0,0.0,0.0,30,50,100.0,0,0.0,2026-08-10,30.0,0.0,0.0,0,0.0
2026-08-10,MONDAY,88,Present,0,0.0,0.0,31,50,100.0,1,0.0,2026-08-11,31.0,0.0,0.0,0,0.0
2026-08-11,TUESDAY,88,Present,0,0.0,0.0,32,50,100.0,0,0.0,2026-08-12,32.0,0.0,0.0,0,0.0
2026-08-12,WEDNESDAY,88,Present,0,0.0,0.0,33,50,100.0,0,0.0,2026-08-13,33.0,0.0,0.0,0,0.0
2026-08-13,THURSDAY,88,Present,0,0.0,0.0,34,50,100.0,0,0.0,2026-08-14,34.0,0.0,0.0,0,0.0
2026-08-14,FRIDAY,88,Present,0,0.0,0.0,35,50,100.0,0,0.0,2026-08-17,35.0,0.0,0.0,1,0.0
2026-08-17,MONDAY,88,Present,0,0.0,0.0,36,50,100.0,1,0.0,2026-08-18,36.0,0.0,0.0,0,0.0
2026-08-18,TUESDAY,88,Present,0,0.0,0.0,37,50,100.0,0,0.0,2026-08-19,37.0,0.0,0.0,0,0.0
2026-08-19,WEDNESDAY,88,Present,0,0.0,0.0,38,50,100.0,0,0.0,2026-08-20,38.0,0.0,0.0,0,0.0
2026-08-20,THURSDAY,88,Present,0,0.0,0.0,39,50,100.0,0,0.0,2026-08-21,39.0,0.0,0.0,0,0.0
2026-08-21,FRIDAY,88,Present,0,0.0,0.0,40,50,100.0,0,0.0,2026-08-22,40.0,0.0,0.0,1,0.0
2026-08-22,SATURDAY,88,Present,0,0.0,0.0,41,50,100.0,0,0.0,2026-08-24,41.0,0.0,0.0,0,0.0
2026-08-24,MONDAY,88,Present,0,0.0,0.0,42,50,100.0,1,0.0,2026-08-25,42.0,0.0,0.0,0,0.0
2026-08-25,TUESDAY,88,Present,0,0.0,0.0,43,50,100.0,0,0.0,2026-08-26,43.0,0.0,0.0,0,0.0
2026-08-26,WEDNESDAY,88,Present,0,0.0,0.0,44,50,100.0,0,0.0,2026-08-27,44.0,0.0,0.0,0,0.0
2026-08-27,THURSDAY,88,Present,0,0.0,0.0,45,50,100.0,0,0.0,2026-08-28,45.0,0.0,0.0,0,0.0
2026-08-28,FRIDAY,88,Present,0,0.0,0.0,46,50,100.0,0,0.0,2026-08-29,46.0,0.0,0.0,1,0.0
2026-08-29,SATURDAY,88,Present,0,0.0,0.0,47,50,100.0,0,1.0,2026-08-31,47.0,0.0,0.0,0,0.0
2026-08-31,MONDAY,88,Absent,1,0.0,0.0,48,50,100.0,1,0.0,2026-09-01,48.0,0.0,0.0,0,0.0
2026-09-01,TUESDAY,88,Present,0,1.0,1.0,49,50,97.95918367346938,0,0.0,2026-09-02,48.0,1.0,1.0,0,1.0
2026-09-02,WEDNESDAY,88,Present,0,1.0,1.0,50,50,98.0,0,0.0,2026-09-03,49.0,1.0,1.0,0,0.0
2026-09-03,THURSDAY,88,Present,0,1.0,1.0,51,50,98.0392156862745,0,,,50.0,1.0,1.0,0,0.0
2026-07-01,WEDNESDAY,89,Present,0,0.0,0.0,0,47,0.0,0,0.0,2026-07-02,0.0,0.0,0.0,0,0.0
2026-07-02,THURSDAY,89,Present,0,0.0,0.0,1,47,100.0,0,0.0,2026-07-03,1.0,0.0,0.0,0,0.0
2026-07-03,FRIDAY,89,Present,0,0.0,0.0,2,47,100.0,0,0.0,2026-07-04,2.0,0.0,0.0,1,0.0
2026-07-04,SATURDAY,89,Present,0,0.0,0.0,3,47,100.0,0,0.0,2026-07-06,3.0,0.0,0.0,0,0.0
2026-07-06,MONDAY,89,Present,0,0.0,0.0,4,47,100.0,1,0.0,2026-07-07,4.0,0.0,0.0,0,0.0
2026-07-07,TUESDAY,89,Present,0,0.0,0.0,5,47,100.0,0,0.0,2026-07-08,5.0,0.0,0.0,0,0.0
2026-07-08,WEDNESDAY,89,Present,0,0.0,0.0,6,47,100.0,0,1.0,2026-07-09,6.0,0.0,0.0,0,0.0
2026-07-09,THURSDAY,89,Absent,1,0.0,0.0,7,47,100.0,0,0.0,2026-07-10,7.0,0.0,0.0,0,0.0
2026-07-10,FRIDAY,89,Present,0,1.0,1.0,8,47,87.5,0,0.0,2026-07-13,7.0,1.0,1.0,1,1.0
2026-07-13,MONDAY,89,Present,0,1.0,1.0,9,47,88.88888888888889,1,0.0,2026-07-14,8.0,1.0,1.0,0,0.0
2026-07-14,TUESDAY,89,Present,0,1.0,1.0,10,47,90.0,0,0.0,2026-07-15,9.0,1.0,1.0,0,0.0
2026-07-15,WEDNESDAY,89,Present,0,1.0,1.0,11,47,90.9090909090909,0,0.0,2026-07-16,10.0,0.0,1.0,0,0.0
2026-07-16,THURSDAY,89,Present,0,1.0,1.0,12,47,91.66666666666666,0,0.0,2026-07-17,11.0,0.0,1.0,0,0.0
2026-07-17,FRIDAY,89,Present,0,1.0,0.0,13,47,92.3076923076923,0,0.0,2026-07-20,12.0,0.0,1.0,1,0.0
2026-07-20,MONDAY,89,Present,0,1.0,0.0,14,47,92.85714285714286,1,0.0,2026-07-21,13.0,0.0,1.0,0,0.0
2026-07-21,TUESDAY,89,Present,0,1.0,0.0,15,47,93.33333333333333,0,0.0,2026-07-22,14.0,0.0,1.0,0,0.0
2026-07-22,WEDNESDAY,89,Present,0,1.0,0.0,16,47,93.75,0,0.0,2026-07-23,15.0,0.0,1.0,0,0.0
2026-07-23,THURSDAY,89,Present,0,1.0,0.0,17,47,94.11764705882352,0,0.0,2026-07-24,16.0,0.0,1.0,0,0.0
2026-07-24,FRIDAY,89,Present,0,1.0,0.0,18,47,94.44444444444444,0,0.0,2026-07-25,17.0,0.0,0.0,1,0.0
2026-07-25,SATURDAY,89,Present,0,1.0,0.0,19,47,94.73684210526315,0,0.0,2026-07-27,18.0,0.0,0.0,0,0.0
2026-07-27,MONDAY,89,Present,0,1.0,0.0,20,47,95.0,1,0.0,2026-07-28,19.0,0.0,0.0,0,0.0
2026-07-28,TUESDAY,89,Present,0,1.0,0.0,21,47,95.23809523809523,0,0.0,2026-07-29,20.0,0.0,0.0,0,0.0
2026-07-29,WEDNESDAY,89,Present,0,1.0,0.0,22,47,95.45454545454545,0,0.0,2026-07-30,21.0,0.0,0.0,0,0.0
2026-07-30,THURSDAY,89,Present,0,1.0,0.0,23,47,95.65217391304348,0,0.0,2026-07-31,22.0,0.0,0.0,0,0.0
2026-07-31,FRIDAY,89,Present,0,1.0,0.0,24,47,95.83333333333334,0,1.0,2026-08-03,23.0,0.0,0.0,1,0.0
2026-08-03,MONDAY,89,Absent,1,1.0,0.0,25,47,96.0,1,0.0,2026-08-04,24.0,0.0,0.0,0,0.0
2026-08-04,TUESDAY,89,Present,0,2.0,1.0,26,47,92.3076923076923,0,0.0,2026-08-05,24.0,1.0,1.0,0,1.0
2026-08-05,WEDNESDAY,89,Present,0,2.0,1.0,27,47,92.5925925925926,0,0.0,2026-08-06,25.0,1.0,1.0,0,0.0
2026-08-06,THURSDAY,89,Present,0,2.0,1.0,28,47,92.85714285714286,0,0.0,2026-08-07,26.0,1.0,1.0,0,0.0
2026-08-07,FRIDAY,89,Present,0,2.0,1.0,29,47,93.10344827586206,0,0.0,2026-08-08,27.0,0.0,1.0,1,0.0
2026-08-08,SATURDAY,89,Present,0,2.0,1.0,30,47,93.33333333333333,0,0.0,2026-08-10,28.0,0.0,1.0,0,0.0
2026-08-10,MONDAY,89,Present,0,2.0,0.0,31,47,93.54838709677419,1,0.0,2026-08-11,29.0,0.0,1.0,0,0.0
2026-08-11,TUESDAY,89,Present,0,2.0,0.0,32,47,93.75,0,0.0,2026-08-12,30.0,0.0,1.0,0,0.0
2026-08-12,WEDNESDAY,89,Present,0,2.0,0.0,33,47,93.93939393939394,0,0.0,2026-08-13,31.0,0.0,1.0,0,0.0
2026-08-13,THURSDAY,89,Present,0,2.0,0.0,34,47,94.11764705882352,0,0.0,2026-08-14,32.0,0.0,1.0,0,0.0
2026-08-14,FRIDAY,89,Present,0,2.0,0.0,35,47,94.28571428571428,0,0.0,2026-08-17,33.0,0.0,1.0,1,0.0
2026-08-17,MONDAY,89,Present,0,2.0,0.0,36,47,94.44444444444444,1,0.0,2026-08-18,34.0,0.0,0.0,0,0.0
2026-08-18,TUESDAY,89,Present,0,2.0,0.0,37,47,94.5945945945946,0,0.0,2026-08-19,35.0,0.0,0.0,0,0.0
2026-08-19,WEDNESDAY,89,Present,0,2.0,0.0,38,47,94.73684210526315,0,0.0,2026-08-20,36.0,0.0,0.0,0,0.0
2026-08-20,THURSDAY,89,Present,0,2.0,0.0,39,47,94.87179487179486,0,0.0,2026-08-21,37.0,0.0,0.0,0,0.0
2026-08-21,FRIDAY,89,Present,0,2.0,0.0,40,47,95.0,0,0.0,2026-08-22,38.0,0.0,0.0,1,0.0
2026-08-22,SATURDAY,89,Present,0,2.0,0.0,41,47,95.1219512195122,0,0.0,2026-08-24,39.0,0.0,0.0,0,0.0
2026-08-24,MONDAY,89,Present,0,2.0,0.0,42,47,95.23809523809523,1,0.0,2026-08-25,40.0,0.0,0.0,0,0.0
2026-08-25,TUESDAY,89,Present,0,2.0,0.0,43,47,95.34883720930233,0,0.0,2026-08-26,41.0,0.0,0.0,0,0.0
2026-08-26,WEDNESDAY,89,Present,0,2.0,0.0,44,47,95.45454545454545,0,1.0,2026-08-27,42.0,0.0,0.0,0,0.0
2026-08-27,THURSDAY,89,Absent,1,2.0,0.0,45,47,95.55555555555556,0,0.0,2026-08-28,43.0,0.0,0.0,0,0.0
2026-08-28,FRIDAY,89,Present,0,3.0,1.0,46,47,93.47826086956522,0,0.0,2026-08-29,43.0,1.0,1.0,1,1.0
2026-08-29,SATURDAY,89,Present,0,3.0,1.0,47,47,93.61702127659575,0,1.0,2026-08-31,44.0,1.0,1.0,0,0.0
2026-08-31,MONDAY,89,Absent,1,3.0,1.0,48,47,93.75,1,0.0,2026-09-01,45.0,1.0,1.0,0,0.0
2026-09-01,TUESDAY,89,Present,0,4.0,2.0,49,47,91.83673469387756,0,0.0,2026-09-02,45.0,1.0,2.0,0,1.0
2026-09-02,WEDNESDAY,89,Present,0,4.0,2.0,50,47,92.0,0,0.0,2026-09-03,46.0,1.0,2.0,0,0.0
2026-09-03,THURSDAY,89,Present,0,4.0,1.0,51,47,92.15686274509804,0,,,47.0,1.0,2.0,0,0.0
2026-07-01,WEDNESDAY,90,Present,0,0.0,0.0,0,49,0.0,0,0.0,2026-07-02,0.0,0.0,0.0,0,0.0
2026-07-02,THURSDAY,90,Present,0,0.0,0.0,1,49,100.0,0,0.0,2026-07-03,1.0,0.0,0.0,0,0.0
2026-07-03,FRIDAY,90,Present,0,0.0,0.0,2,49,100.0,0,0.0,2026-07-04,2.0,0.0,0.0,1,0.0
2026-07-04,SATURDAY,90,Present,0,0.0,0.0,3,49,100.0,0,0.0,2026-07-06,3.0,0.0,0.0,0,0.0
2026-07-06,MONDAY,90,Present,0,0.0,0.0,4,49,100.0,1,0.0,2026-07-07,4.0,0.0,0.0,0,0.0
2026-07-07,TUESDAY,90,Present,0,0.0,0.0,5,49,100.0,0,0.0,2026-07-08,5.0,0.0,0.0,0,0.0
2026-07-08,WEDNESDAY,90,Present,0,0.0,0.0,6,49,100.0,0,0.0,2026-07-09,6.0,0.0,0.0,0,0.0
2026-07-09,THURSDAY,90,Present,0,0.0,0.0,7,49,100.0,0,0.0,2026-07-10,7.0,0.0,0.0,0,0.0
2026-07-10,FRIDAY,90,Present,0,0.0,0.0,8,49,100.0,0,0.0,2026-07-13,8.0,0.0,0.0,1,0.0
2026-07-13,MONDAY,90,Present,0,0.0,0.0,9,49,100.0,1,0.0,2026-07-14,9.0,0.0,0.0,0,0.0
2026-07-14,TUESDAY,90,Present,0,0.0,0.0,10,49,100.0,0,0.0,2026-07-15,10.0,0.0,0.0,0,0.0
2026-07-15,WEDNESDAY,90,Present,0,0.0,0.0,11,49,100.0,0,0.0,2026-07-16,11.0,0.0,0.0,0,0.0
2026-07-16,THURSDAY,90,Present,0,0.0,0.0,12,49,100.0,0,0.0,2026-07-17,12.0,0.0,0.0,0,0.0
2026-07-17,FRIDAY,90,Present,0,0.0,0.0,13,49,100.0,0,1.0,2026-07-20,13.0,0.0,0.0,1,0.0
2026-07-20,MONDAY,90,Absent,1,0.0,0.0,14,49,100.0,1,0.0,2026-07-21,14.0,0.0,0.0,0,0.0
2026-07-21,TUESDAY,90,Present,0,1.0,1.0,15,49,93.33333333333333,0,0.0,2026-07-22,14.0,1.0,1.0,0,1.0
2026-07-22,WEDNESDAY,90,Present,0,1.0,1.0,16,49,93.75,0,0.0,2026-07-23,15.0,1.0,1.0,0,0.0
2026-07-23,THURSDAY,90,Present,0,1.0,1.0,17,49,94.11764705882352,0,0.0,2026-07-24,16.0,1.0,1.0,0,0.0
2026-07-24,FRIDAY,90,Present,0,1.0,1.0,18,49,94.44444444444444,0,0.0,2026-07-25,17.0,0.0,1.0,1,0.0
2026-07-25,SATURDAY,90,Present,0,1.0,1.0,19,49,94.73684210526315,0,0.0,2026-07-27,18.0,0.0,1.0,0,0.0
2026-07-27,MONDAY,90,Present,0,1.0,0.0,20,49,95.0,1,0.0,2026-07-28,19.0,0.0,1.0,0,0.0
2026-07-28,TUESDAY,90,Present,0,1.0,0.0,21,49,95.23809523809523,0,0.0,2026-07-29,20.0,0.0,1.0,0,0.0
2026-07-29,WEDNESDAY,90,Present,0,1.0,0.0,22,49,95.45454545454545,0,0.0,2026-07-30,21.0,0.0,1.0,0,0.0
2026-07-30,THURSDAY,90,Present,0,1.0,0.0,23,49,95.65217391304348,0,0.0,2026-07-31,22.0,0.0,1.0,0,0.0
2026-07-31,FRIDAY,90,Present,0,1.0,0.0,24,49,95.83333333333334,0,0.0,2026-08-03,23.0,0.0,1.0,1,0.0
2026-08-03,MONDAY,90,Present,0,1.0,0.0,25,49,96.0,1,0.0,2026-08-04,24.0,0.0,0.0,0,0.0
2026-08-04,TUESDAY,90,Present,0,1.0,0.0,26,49,96.15384615384616,0,0.0,2026-08-05,25.0,0.0,0.0,0,0.0
2026-08-05,WEDNESDAY,90,Present,0,1.0,0.0,27,49,96.29629629629629,0,0.0,2026-08-06,26.0,0.0,0.0,0,0.0
2026-08-06,THURSDAY,90,Present,0,1.0,0.0,28,49,96.42857142857143,0,0.0,2026-08-07,27.0,0.0,0.0,0,0.0
2026-08-07,FRIDAY,90,Present,0,1.0,0.0,29,49,96.55172413793103,0,0.0,2026-08-08,28.0,0.0,0.0,1,0.0
2026-08-08,SATURDAY,90,Present,0,1.0,0.0,30,49,96.66666666666667,0,1.0,2026-08-10,29.0,0.0,0.0,0,0.0
2026-08-10,MONDAY,90,Absent,1,1.0,0.0,31,49,96.7741935483871,1,0.0,2026-08-11,30.0,0.0,0.0,0,0.0
2026-08-11,TUESDAY,90,Present,0,2.0,1.0,32,49,93.75,0,0.0,2026-08-12,30.0,1.0,1.0,0,1.0
2026-08-12,WEDNESDAY,90,Present,0,2.0,1.0,33,49,93.93939393939394,0,0.0,2026-08-13,31.0,1.0,1.0,0,0.0
2026-08-13,THURSDAY,90,Present,0,2.0,1.0,34,49,94.11764705882352,0,0.0,2026-08-14,32.0,1.0,1.0,0,0.0
2026-08-14,FRIDAY,90,Present,0,2.0,1.0,35,49,94.28571428571428,0,0.0,2026-08-17,33.0,0.0,1.0,1,0.0
2026-08-17,MONDAY,90,Present,0,2.0,1.0,36,49,94.44444444444444,1,0.0,2026-08-18,34.0,0.0,1.0,0,0.0
2026-08-18,TUESDAY,90,Present,0,2.0,0.0,37,49,94.5945945945946,0,0.0,2026-08-19,35.0,0.0,1.0,0,0.0
2026-08-19,WEDNESDAY,90,Present,0,2.0,0.0,38,49,94.73684210526315,0,0.0,2026-08-20,36.0,0.0,1.0,0,0.0
2026-08-20,THURSDAY,90,Present,0,2.0,0.0,39,49,94.87179487179486,0,0.0,2026-08-21,37.0,0.0,1.0,0,0.0
2026-08-21,FRIDAY,90,Present,0,2.0,0.0,40,49,95.0,0,0.0,2026-08-22,38.0,0.0,1.0,1,0.0
2026-08-22,SATURDAY,90,Present,0,2.0,0.0,41,49,95.1219512195122,0,0.0,2026-08-24,39.0,0.0,1.0,0,0.0
2026-08-24,MONDAY,90,Present,0,2.0,0.0,42,49,95.23809523809523,1,0.0,2026-08-25,40.0,0.0,0.0,0,0.0
2026-08-25,TUESDAY,90,Present,0,2.0,0.0,43,49,95.34883720930233,0,0.0,2026-08-26,41.0,0.0,0.0,0,0.0
2026-08-26,WEDNESDAY,90,Present,0,2.0,0.0,44,49,95.45454545454545,0,0.0,2026-08-27,42.0,0.0,0.0,0,0.0
2026-08-27,THURSDAY,90,Present,0,2.0,0.0,45,49,95.55555555555556,0,0.0,2026-08-28,43.0,0.0,0.0,0,0.0
2026-08-28,FRIDAY,90,Present,0,2.0,0.0,46,49,95.65217391304348,0,0.0,2026-08-29,44.0,0.0,0.0,1,0.0
2026-08-29,SATURDAY,90,Present,0,2.0,0.0,47,49,95.74468085106383,0,0.0,2026-08-31,45.0,0.0,0.0,0,0.0
2026-08-31,MONDAY,90,Present,0,2.0,0.0,48,49,95.83333333333334,1,0.0,2026-09-01,46.0,0.0,0.0,0,0.0
2026-09-01,TUESDAY,90,Present,0,2.0,0.0,49,49,95.91836734693877,0,0.0,2026-09-02,47.0,0.0,0.0,0,0.0
2026-09-02,WEDNESDAY,90,Present,0,2.0,0.0,50,49,96.0,0,0.0,2026-09-03,48.0,0.0,0.0,0,0.0
2026-09-03,THURSDAY,90,Present,0,2.0,0.0,51,49,96.07843137254902,0,,,49.0,0.0,0.0,0,0.0
2026-07-01,WEDNESDAY,91,Present,0,0.0,0.0,0,49,0.0,0,0.0,2026-07-02,0.0,0.0,0.0,0,0.0
2026-07-02,THURSDAY,91,Present,0,0.0,0.0,1,49,100.0,0,0.0,2026-07-03,1.0,0.0,0.0,0,0.0
2026-07-03,FRIDAY,91,Present,0,0.0,0.0,2,49,100.0,0,0.0,2026-07-04,2.0,0.0,0.0,1,0.0
2026-07-04,SATURDAY,91,Present,0,0.0,0.0,3,49,100.0,0,0.0,2026-07-06,3.0,0.0,0.0,0,0.0
2026-07-06,MONDAY,91,Present,0,0.0,0.0,4,49,100.0,1,0.0,2026-07-07,4.0,0.0,0.0,0,0.0
2026-07-07,TUESDAY,91,Present,0,0.0,0.0,5,49,100.0,0,0.0,2026-07-08,5.0,0.0,0.0,0,0.0
2026-07-08,WEDNESDAY,91,Present,0,0.0,0.0,6,49,100.0,0,0.0,2026-07-09,6.0,0.0,0.0,0,0.0
2026-07-09,THURSDAY,91,Present,0,0.0,0.0,7,49,100.0,0,0.0,2026-07-10,7.0,0.0,0.0,0,0.0
2026-07-10,FRIDAY,91,Present,0,0.0,0.0,8,49,100.0,0,0.0,2026-07-13,8.0,0.0,0.0,1,0.0
2026-07-13,MONDAY,91,Present,0,0.0,0.0,9,49,100.0,1,0.0,2026-07-14,9.0,0.0,0.0,0,0.0
2026-07-14,TUESDAY,91,Present,0,0.0,0.0,10,49,100.0,0,0.0,2026-07-15,10.0,0.0,0.0,0,0.0
2026-07-15,WEDNESDAY,91,Present,0,0.0,0.0,11,49,100.0,0,0.0,2026-07-16,11.0,0.0,0.0,0,0.0
2026-07-16,THURSDAY,91,Present,0,0.0,0.0,12,49,100.0,0,0.0,2026-07-17,12.0,0.0,0.0,0,0.0
2026-07-17,FRIDAY,91,Present,0,0.0,0.0,13,49,100.0,0,0.0,2026-07-20,13.0,0.0,0.0,1,0.0
2026-07-20,MONDAY,91,Present,0,0.0,0.0,14,49,100.0,1,0.0,2026-07-21,14.0,0.0,0.0,0,0.0
2026-07-21,TUESDAY,91,Present,0,0.0,0.0,15,49,100.0,0,0.0,2026-07-22,15.0,0.0,0.0,0,0.0
2026-07-22,WEDNESDAY,91,Present,0,0.0,0.0,16,49,100.0,0,0.0,2026-07-23,16.0,0.0,0.0,0,0.0
2026-07-23,THURSDAY,91,Present,0,0.0,0.0,17,49,100.0,0,0.0,2026-07-24,17.0,0.0,0.0,0,0.0
2026-07-24,FRIDAY,91,Present,0,0.0,0.0,18,49,100.0,0,0.0,2026-07-25,18.0,0.0,0.0,1,0.0
2026-07-25,SATURDAY,91,Present,0,0.0,0.0,19,49,100.0,0,0.0,2026-07-27,19.0,0.0,0.0,0,0.0
2026-07-27,MONDAY,91,Present,0,0.0,0.0,20,49,100.0,1,0.0,2026-07-28,20.0,0.0,0.0,0,0.0
2026-07-28,TUESDAY,91,Present,0,0.0,0.0,21,49,100.0,0,0.0,2026-07-29,21.0,0.0,0.0,0,0.0
2026-07-29,WEDNESDAY,91,Present,0,0.0,0.0,22,49,100.0,0,1.0,2026-07-30,22.0,0.0,0.0,0,0.0
2026-07-30,THURSDAY,91,Absent,1,0.0,0.0,23,49,100.0,0,0.0,2026-07-31,23.0,0.0,0.0,0,0.0
2026-07-31,FRIDAY,91,Present,0,1.0,1.0,24,49,95.83333333333334,0,0.0,2026-08-03,23.0,1.0,1.0,1,1.0
2026-08-03,MONDAY,91,Present,0,1.0,1.0,25,49,96.0,1,0.0,2026-08-04,24.0,1.0,1.0,0,0.0
2026-08-04,TUESDAY,91,Present,0,1.0,1.0,26,49,96.15384615384616,0,0.0,2026-08-05,25.0,1.0,1.0,0,0.0
2026-08-05,WEDNESDAY,91,Present,0,1.0,1.0,27,49,96.29629629629629,0,0.0,2026-08-06,26.0,0.0,1.0,0,0.0
2026-08-06,THURSDAY,91,Present,0,1.0,1.0,28,49,96.42857142857143,0,0.0,2026-08-07,27.0,0.0,1.0,0,0.0
2026-08-07,FRIDAY,91,Present,0,1.0,0.0,29,49,96.55172413793103,0,0.0,2026-08-08,28.0,0.0,1.0,1,0.0
2026-08-08,SATURDAY,91,Present,0,1.0,0.0,30,49,96.66666666666667,0,0.0,2026-08-10,29.0,0.0,1.0,0,0.0
2026-08-10,MONDAY,91,Present,0,1.0,0.0,31,49,96.7741935483871,1,0.0,2026-08-11,30.0,0.0,1.0,0,0.0
2026-08-11,TUESDAY,91,Present,0,1.0,0.0,32,49,96.875,0,0.0,2026-08-12,31.0,0.0,1.0,0,0.0
2026-08-12,WEDNESDAY,91,Present,0,1.0,0.0,33,49,96.96969696969697,0,0.0,2026-08-13,32.0,0.0,1.0,0,0.0
2026-08-13,THURSDAY,91,Present,0,1.0,0.0,34,49,97.05882352941177,0,0.0,2026-08-14,33.0,0.0,0.0,0,0.0
2026-08-14,FRIDAY,91,Present,0,1.0,0.0,35,49,97.14285714285714,0,0.0,2026-08-17,34.0,0.0,0.0,1,0.0
2026-08-17,MONDAY,91,Present,0,1.0,0.0,36,49,97.22222222222221,1,0.0,2026-08-18,35.0,0.0,0.0,0,0.0
2026-08-18,TUESDAY,91,Present,0,1.0,0.0,37,49,97.2972972972973,0,0.0,2026-08-19,36.0,0.0,0.0,0,0.0
2026-08-19,WEDNESDAY,91,Present,0,1.0,0.0,38,49,97.36842105263158,0,0.0,2026-08-20,37.0,0.0,0.0,0,0.0
2026-08-20,THURSDAY,91,Present,0,1.0,0.0,39,49,97.43589743589743,0,0.0,2026-08-21,38.0,0.0,0.0,0,0.0
2026-08-21,FRIDAY,91,Present,0,1.0,0.0,40,49,97.5,0,0.0,2026-08-22,39.0,0.0,0.0,1,0.0
2026-08-22,SATURDAY,91,Present,0,1.0,0.0,41,49,97.5609756097561,0,0.0,2026-08-24,40.0,0.0,0.0,0,0.0
2026-08-24,MONDAY,91,Present,0,1.0,0.0,42,49,97.61904761904762,1,0.0,2026-08-25,41.0,0.0,0.0,0,0.0
2026-08-25,TUESDAY,91,Present,0,1.0,0.0,43,49,97.67441860465115,0,0.0,2026-08-26,42.0,0.0,0.0,0,0.0
2026-08-26,WEDNESDAY,91,Present,0,1.0,0.0,44,49,97.72727272727273,0,1.0,2026-08-27,43.0,0.0,0.0,0,0.0
2026-08-27,THURSDAY,91,Absent,1,1.0,0.0,45,49,97.77777777777777,0,0.0,2026-08-28,44.0,0.0,0.0,0,0.0
2026-08-28,FRIDAY,91,Present,0,2.0,1.0,46,49,95.65217391304348,0,0.0,2026-08-29,44.0,1.0,1.0,1,1.0
2026-08-29,SATURDAY,91,Present,0,2.0,1.0,47,49,95.74468085106383,0,0.0,2026-08-31,45.0,1.0,1.0,0,0.0
2026-08-31,MONDAY,91,Present,0,2.0,1.0,48,49,95.83333333333334,1,0.0,2026-09-01,46.0,1.0,1.0,0,0.0
2026-09-01,TUESDAY,91,Present,0,2.0,1.0,49,49,95.91836734693877,0,0.0,2026-09-02,47.0,0.0,1.0,0,0.0
2026-09-02,WEDNESDAY,91,Present,0,2.0,1.0,50,49,96.0,0,0.0,2026-09-03,48.0,0.0,1.0,0,0.0
2026-09-03,THURSDAY,91,Present,0,2.0,0.0,51,49,96.07843137254902,0,,,49.0,0.0,1.0,0,0.0
2026-07-01,WEDNESDAY,92,Absent,1,0.0,0.0,0,45,0.0,0,1.0,2026-07-02,0.0,0.0,0.0,0,0.0
2026-07-02,THURSDAY,92,Absent,1,1.0,1.0,1,45,0.0,0,1.0,2026-07-03,0.0,1.0,1.0,0,1.0
2026-07-03,FRIDAY,92,Absent,1,2.0,2.0,2,45,0.0,0,1.0,2026-07-04,0.0,2.0,2.0,1,1.0
2026-07-04,SATURDAY,92,Absent,1,3.0,3.0,3,45,0.0,0,0.0,2026-07-06,0.0,3.0,3.0,0,1.0
2026-07-06,MONDAY,92,Present,0,4.0,4.0,4,45,0.0,1,0.0,2026-07-07,0.0,3.0,4.0,0,1.0
2026-07-07,TUESDAY,92,Present,0,4.0,4.0,5,45,20.0,0,0.0,2026-07-08,1.0,2.0,4.0,0,0.0
2026-07-08,WEDNESDAY,92,Present,0,4.0,3.0,6,45,33.33333333333333,0,0.0,2026-07-09,2.0,1.0,4.0,0,0.0
2026-07-09,THURSDAY,92,Present,0,4.0,2.0,7,45,42.857142857142854,0,0.0,2026-07-10,3.0,0.0,4.0,0,0.0
2026-07-10,FRIDAY,92,Present,0,4.0,1.0,8,45,50.0,0,0.0,2026-07-13,4.0,0.0,4.0,1,0.0
2026-07-13,MONDAY,92,Present,0,4.0,0.0,9,45,55.55555555555556,1,0.0,2026-07-14,5.0,0.0,4.0,0,0.0
2026-07-14,TUESDAY,92,Present,0,4.0,0.0,10,45,60.0,0,0.0,2026-07-15,6.0,0.0,4.0,0,0.0
2026-07-15,WEDNESDAY,92,Present,0,4.0,0.0,11,45,63.63636363636363,0,0.0,2026-07-16,7.0,0.0,3.0,0,0.0
2026-07-16,THURSDAY,92,Present,0,4.0,0.0,12,45,66.66666666666666,0,0.0,2026-07-17,8.0,0.0,2.0,0,0.0
2026-07-17,FRIDAY,92,Present,0,4.0,0.0,13,45,69.23076923076923,0,0.0,2026-07-20,9.0,0.0,1.0,1,0.0
2026-07-20,MONDAY,92,Present,0,4.0,0.0,14,45,71.42857142857143,1,0.0,2026-07-21,10.0,0.0,0.0,0,0.0
2026-07-21,TUESDAY,92,Present,0,4.0,0.0,15,45,73.33333333333333,0,0.0,2026-07-22,11.0,0.0,0.0,0,0.0
2026-07-22,WEDNESDAY,92,Present,0,4.0,0.0,16,45,75.0,0,0.0,2026-07-23,12.0,0.0,0.0,0,0.0
2026-07-23,THURSDAY,92,Present,0,4.0,0.0,17,45,76.47058823529412,0,0.0,2026-07-24,13.0,0.0,0.0,0,0.0
2026-07-24,FRIDAY,92,Present,0,4.0,0.0,18,45,77.77777777777779,0,1.0,2026-07-25,14.0,0.0,0.0,1,0.0
2026-07-25,SATURDAY,92,Absent,1,4.0,0.0,19,45,78.94736842105263,0,1.0,2026-07-27,15.0,0.0,0.0,0,0.0
2026-07-27,MONDAY,92,Absent,1,5.0,1.0,20,45,75.0,1,0.0,2026-07-28,15.0,1.0,1.0,0,1.0
2026-07-28,TUESDAY,92,Present,0,6.0,2.0,21,45,71.42857142857143,0,0.0,2026-07-29,15.0,2.0,2.0,0,1.0
2026-07-29,WEDNESDAY,92,Present,0,6.0,2.0,22,45,72.72727272727273,0,0.0,2026-07-30,16.0,2.0,2.0,0,0.0
2026-07-30,THURSDAY,92,Present,0,6.0,2.0,23,45,73.91304347826086,0,0.0,2026-07-31,17.0,1.0,2.0,0,0.0
2026-07-31,FRIDAY,92,Present,0,6.0,2.0,24,45,75.0,0,0.0,2026-08-03,18.0,0.0,2.0,1,0.0
2026-08-03,MONDAY,92,Present,0,6.0,1.0,25,45,76.0,1,0.0,2026-08-04,19.0,0.0,2.0,0,0.0
2026-08-04,TUESDAY,92,Present,0,6.0,0.0,26,45,76.92307692307693,0,0.0,2026-08-05,20.0,0.0,2.0,0,0.0
2026-08-05,WEDNESDAY,92,Present,0,6.0,0.0,27,45,77.77777777777779,0,0.0,2026-08-06,21.0,0.0,2.0,0,0.0
2026-08-06,THURSDAY,92,Present,0,6.0,0.0,28,45,78.57142857142857,0,0.0,2026-08-07,22.0,0.0,2.0,0,0.0
2026-08-07,FRIDAY,92,Present,0,6.0,0.0,29,45,79.3103448275862,0,0.0,2026-08-08,23.0,0.0,2.0,1,0.0
2026-08-08,SATURDAY,92,Present,0,6.0,0.0,30,45,80.0,0,0.0,2026-08-10,24.0,0.0,1.0,0,0.0
2026-08-10,MONDAY,92,Present,0,6.0,0.0,31,45,80.64516129032258,1,0.0,2026-08-11,25.0,0.0,0.0,0,0.0
2026-08-11,TUESDAY,92,Present,0,6.0,0.0,32,45,81.25,0,0.0,2026-08-12,26.0,0.0,0.0,0,0.0
2026-08-12,WEDNESDAY,92,Present,0,6.0,0.0,33,45,81.81818181818183,0,0.0,2026-08-13,27.0,0.0,0.0,0,0.0
2026-08-13,THURSDAY,92,Present,0,6.0,0.0,34,45,82.35294117647058,0,0.0,2026-08-14,28.0,0.0,0.0,0,0.0
2026-08-14,FRIDAY,92,Present,0,6.0,0.0,35,45,82.85714285714286,0,0.0,2026-08-17,29.0,0.0,0.0,1,0.0
2026-08-17,MONDAY,92,Present,0,6.0,0.0,36,45,83.33333333333334,1,0.0,2026-08-18,30.0,0.0,0.0,0,0.0
2026-08-18,TUESDAY,92,Present,0,6.0,0.0,37,45,83.78378378378379,0,0.0,2026-08-19,31.0,0.0,0.0,0,0.0
2026-08-19,WEDNESDAY,92,Present,0,6.0,0.0,38,45,84.21052631578947,0,0.0,2026-08-20,32.0,0.0,0.0,0,0.0
2026-08-20,THURSDAY,92,Present,0,6.0,0.0,39,45,84.61538461538461,0,0.0,2026-08-21,33.0,0.0,0.0,0,0.0
2026-08-21,FRIDAY,92,Present,0,6.0,0.0,40,45,85.0,0,0.0,2026-08-22,34.0,0.0,0.0,1,0.0
2026-08-22,SATURDAY,92,Present,0,6.0,0.0,41,45,85.36585365853658,0,0.0,2026-08-24,35.0,0.0,0.0,0,0.0
2026-08-24,MONDAY,92,Present,0,6.0,0.0,42,45,85.71428571428571,1,0.0,2026-08-25,36.0,0.0,0.0,0,0.0
2026-08-25,TUESDAY,92,Present,0,6.0,0.0,43,45,86.04651162790698,0,0.0,2026-08-26,37.0,0.0,0.0,0,0.0
2026-08-26,WEDNESDAY,92,Present,0,6.0,0.0,44,45,86.36363636363636,0,0.0,2026-08-27,38.0,0.0,0.0,0,0.0
2026-08-27,THURSDAY,92,Present,0,6.0,0.0,45,45,86.66666666666667,0,0.0,2026-08-28,39.0,0.0,0.0,0,0.0
2026-08-28,FRIDAY,92,Present,0,6.0,0.0,46,45,86.95652173913044,0,0.0,2026-08-29,40.0,0.0,0.0,1,0.0
2026-08-29,SATURDAY,92,Present,0,6.0,0.0,47,45,87.2340425531915,0,0.0,2026-08-31,41.0,0.0,0.0,0,0.0
2026-08-31,MONDAY,92,Present,0,6.0,0.0,48,45,87.5,1,0.0,2026-09-01,42.0,0.0,0.0,0,0.0
2026-09-01,TUESDAY,92,Present,0,6.0,0.0,49,45,87.75510204081633,0,0.0,2026-09-02,43.0,0.0,0.0,0,0.0
2026-09-02,WEDNESDAY,92,Present,0,6.0,0.0,50,45,88.0,0,0.0,2026-09-03,44.0,0.0,0.0,0,0.0
2026-09-03,THURSDAY,92,Present,0,6.0,0.0,51,45,88.23529411764706,0,,,45.0,0.0,0.0,0,0.0
2026-07-01,WEDNESDAY,93,Present,0,0.0,0.0,0,47,0.0,0,0.0,2026-07-02,0.0,0.0,0.0,0,0.0
2026-07-02,THURSDAY,93,Present,0,0.0,0.0,1,47,100.0,0,0.0,2026-07-03,1.0,0.0,0.0,0,0.0
2026-07-03,FRIDAY,93,Present,0,0.0,0.0,2,47,100.0,0,0.0,2026-07-04,2.0,0.0,0.0,1,0.0
2026-07-04,SATURDAY,93,Present,0,0.0,0.0,3,47,100.0,0,0.0,2026-07-06,3.0,0.0,0.0,0,0.0
2026-07-06,MONDAY,93,Present,0,0.0,0.0,4,47,100.0,1,0.0,2026-07-07,4.0,0.0,0.0,0,0.0
2026-07-07,TUESDAY,93,Present,0,0.0,0.0,5,47,100.0,0,0.0,2026-07-08,5.0,0.0,0.0,0,0.0
2026-07-08,WEDNESDAY,93,Present,0,0.0,0.0,6,47,100.0,0,0.0,2026-07-09,6.0,0.0,0.0,0,0.0
2026-07-09,THURSDAY,93,Present,0,0.0,0.0,7,47,100.0,0,0.0,2026-07-10,7.0,0.0,0.0,0,0.0
2026-07-10,FRIDAY,93,Present,0,0.0,0.0,8,47,100.0,0,1.0,2026-07-13,8.0,0.0,0.0,1,0.0
2026-07-13,MONDAY,93,Absent,1,0.0,0.0,9,47,100.0,1,0.0,2026-07-14,9.0,0.0,0.0,0,0.0
2026-07-14,TUESDAY,93,Present,0,1.0,1.0,10,47,90.0,0,0.0,2026-07-15,9.0,1.0,1.0,0,1.0
2026-07-15,WEDNESDAY,93,Present,0,1.0,1.0,11,47,90.9090909090909,0,0.0,2026-07-16,10.0,1.0,1.0,0,0.0
2026-07-16,THURSDAY,93,Present,0,1.0,1.0,12,47,91.66666666666666,0,0.0,2026-07-17,11.0,1.0,1.0,0,0.0
2026-07-17,FRIDAY,93,Present,0,1.0,1.0,13,47,92.3076923076923,0,0.0,2026-07-20,12.0,0.0,1.0,1,0.0
2026-07-20,MONDAY,93,Present,0,1.0,1.0,14,47,92.85714285714286,1,0.0,2026-07-21,13.0,0.0,1.0,0,0.0
2026-07-21,TUESDAY,93,Present,0,1.0,0.0,15,47,93.33333333333333,0,0.0,2026-07-22,14.0,0.0,1.0,0,0.0
2026-07-22,WEDNESDAY,93,Present,0,1.0,0.0,16,47,93.75,0,0.0,2026-07-23,15.0,0.0,1.0,0,0.0
2026-07-23,THURSDAY,93,Present,0,1.0,0.0,17,47,94.11764705882352,0,0.0,2026-07-24,16.0,0.0,1.0,0,0.0
2026-07-24,FRIDAY,93,Present,0,1.0,0.0,18,47,94.44444444444444,0,0.0,2026-07-25,17.0,0.0,1.0,1,0.0
2026-07-25,SATURDAY,93,Present,0,1.0,0.0,19,47,94.73684210526315,0,0.0,2026-07-27,18.0,0.0,1.0,0,0.0
2026-07-27,MONDAY,93,Present,0,1.0,0.0,20,47,95.0,1,0.0,2026-07-28,19.0,0.0,0.0,0,0.0
2026-07-28,TUESDAY,93,Present,0,1.0,0.0,21,47,95.23809523809523,0,0.0,2026-07-29,20.0,0.0,0.0,0,0.0
2026-07-29,WEDNESDAY,93,Present,0,1.0,0.0,22,47,95.45454545454545,0,0.0,2026-07-30,21.0,0.0,0.0,0,0.0
2026-07-30,THURSDAY,93,Present,0,1.0,0.0,23,47,95.65217391304348,0,0.0,2026-07-31,22.0,0.0,0.0,0,0.0
2026-07-31,FRIDAY,93,Present,0,1.0,0.0,24,47,95.83333333333334,0,0.0,2026-08-03,23.0,0.0,0.0,1,0.0
2026-08-03,MONDAY,93,Present,0,1.0,0.0,25,47,96.0,1,1.0,2026-08-04,24.0,0.0,0.0,0,0.0
2026-08-04,TUESDAY,93,Absent,1,1.0,0.0,26,47,96.15384615384616,0,0.0,2026-08-05,25.0,0.0,0.0,0,0.0
2026-08-05,WEDNESDAY,93,Present,0,2.0,1.0,27,47,92.5925925925926,0,0.0,2026-08-06,25.0,1.0,1.0,0,1.0
2026-08-06,THURSDAY,93,Present,0,2.0,1.0,28,47,92.85714285714286,0,0.0,2026-08-07,26.0,1.0,1.0,0,0.0
2026-08-07,FRIDAY,93,Present,0,2.0,1.0,29,47,93.10344827586206,0,0.0,2026-08-08,27.0,1.0,1.0,1,0.0
2026-08-08,SATURDAY,93,Present,0,2.0,1.0,30,47,93.33333333333333,0,0.0,2026-08-10,28.0,0.0,1.0,0,0.0
2026-08-10,MONDAY,93,Present,0,2.0,1.0,31,47,93.54838709677419,1,0.0,2026-08-11,29.0,0.0,1.0,0,0.0
2026-08-11,TUESDAY,93,Present,0,2.0,0.0,32,47,93.75,0,0.0,2026-08-12,30.0,0.0,1.0,0,0.0
2026-08-12,WEDNESDAY,93,Present,0,2.0,0.0,33,47,93.93939393939394,0,0.0,2026-08-13,31.0,0.0,1.0,0,0.0
2026-08-13,THURSDAY,93,Present,0,2.0,0.0,34,47,94.11764705882352,0,0.0,2026-08-14,32.0,0.0,1.0,0,0.0
2026-08-14,FRIDAY,93,Present,0,2.0,0.0,35,47,94.28571428571428,0,0.0,2026-08-17,33.0,0.0,1.0,1,0.0
2026-08-17,MONDAY,93,Present,0,2.0,0.0,36,47,94.44444444444444,1,0.0,2026-08-18,34.0,0.0,1.0,0,0.0
2026-08-18,TUESDAY,93,Present,0,2.0,0.0,37,47,94.5945945945946,0,0.0,2026-08-19,35.0,0.0,0.0,0,0.0
2026-08-19,WEDNESDAY,93,Present,0,2.0,0.0,38,47,94.73684210526315,0,0.0,2026-08-20,36.0,0.0,0.0,0,0.0
2026-08-20,THURSDAY,93,Present,0,2.0,0.0,39,47,94.87179487179486,0,0.0,2026-08-21,37.0,0.0,0.0,0,0.0
2026-08-21,FRIDAY,93,Present,0,2.0,0.0,40,47,95.0,0,0.0,2026-08-22,38.0,0.0,0.0,1,0.0
2026-08-22,SATURDAY,93,Present,0,2.0,0.0,41,47,95.1219512195122,0,0.0,2026-08-24,39.0,0.0,0.0,0,0.0
2026-08-24,MONDAY,93,Present,0,2.0,0.0,42,47,95.23809523809523,1,0.0,2026-08-25,40.0,0.0,0.0,0,0.0
2026-08-25,TUESDAY,93,Present,0,2.0,0.0,43,47,95.34883720930233,0,0.0,2026-08-26,41.0,0.0,0.0,0,0.0
2026-08-26,WEDNESDAY,93,Present,0,2.0,0.0,44,47,95.45454545454545,0,0.0,2026-08-27,42.0,0.0,0.0,0,0.0
2026-08-27,THURSDAY,93,Present,0,2.0,0.0,45,47,95.55555555555556,0,0.0,2026-08-28,43.0,0.0,0.0,0,0.0
2026-08-28,FRIDAY,93,Present,0,2.0,0.0,46,47,95.65217391304348,0,0.0,2026-08-29,44.0,0.0,0.0,1,0.0
2026-08-29,SATURDAY,93,Present,0,2.0,0.0,47,47,95.74468085106383,0,1.0,2026-08-31,45.0,0.0,0.0,0,0.0
2026-08-31,MONDAY,93,Absent,1,2.0,0.0,48,47,95.83333333333334,1,1.0,2026-09-01,46.0,0.0,0.0,0,0.0
2026-09-01,TUESDAY,93,Absent,1,3.0,1.0,49,47,93.87755102040816,0,0.0,2026-09-02,46.0,1.0,1.0,0,1.0
2026-09-02,WEDNESDAY,93,Present,0,4.0,2.0,50,47,92.0,0,0.0,2026-09-03,46.0,2.0,2.0,0,1.0
2026-09-03,THURSDAY,93,Present,0,4.0,2.0,51,47,92.15686274509804,0,,,47.0,2.0,2.0,0,0.0
2026-07-01,WEDNESDAY,94,Present,0,0.0,0.0,0,49,0.0,0,0.0,2026-07-02,0.0,0.0,0.0,0,0.0
2026-07-02,THURSDAY,94,Present,0,0.0,0.0,1,49,100.0,0,0.0,2026-07-03,1.0,0.0,0.0,0,0.0
2026-07-03,FRIDAY,94,Present,0,0.0,0.0,2,49,100.0,0,0.0,2026-07-04,2.0,0.0,0.0,1,0.0
2026-07-04,SATURDAY,94,Present,0,0.0,0.0,3,49,100.0,0,0.0,2026-07-06,3.0,0.0,0.0,0,0.0
2026-07-06,MONDAY,94,Present,0,0.0,0.0,4,49,100.0,1,0.0,2026-07-07,4.0,0.0,0.0,0,0.0
2026-07-07,TUESDAY,94,Present,0,0.0,0.0,5,49,100.0,0,0.0,2026-07-08,5.0,0.0,0.0,0,0.0
2026-07-08,WEDNESDAY,94,Present,0,0.0,0.0,6,49,100.0,0,0.0,2026-07-09,6.0,0.0,0.0,0,0.0
2026-07-09,THURSDAY,94,Present,0,0.0,0.0,7,49,100.0,0,0.0,2026-07-10,7.0,0.0,0.0,0,0.0
2026-07-10,FRIDAY,94,Present,0,0.0,0.0,8,49,100.0,0,0.0,2026-07-13,8.0,0.0,0.0,1,0.0
2026-07-13,MONDAY,94,Present,0,0.0,0.0,9,49,100.0,1,0.0,2026-07-14,9.0,0.0,0.0,0,0.0
2026-07-14,TUESDAY,94,Present,0,0.0,0.0,10,49,100.0,0,0.0,2026-07-15,10.0,0.0,0.0,0,0.0
2026-07-15,WEDNESDAY,94,Present,0,0.0,0.0,11,49,100.0,0,0.0,2026-07-16,11.0,0.0,0.0,0,0.0
2026-07-16,THURSDAY,94,Present,0,0.0,0.0,12,49,100.0,0,0.0,2026-07-17,12.0,0.0,0.0,0,0.0
2026-07-17,FRIDAY,94,Present,0,0.0,0.0,13,49,100.0,0,0.0,2026-07-20,13.0,0.0,0.0,1,0.0
2026-07-20,MONDAY,94,Present,0,0.0,0.0,14,49,100.0,1,0.0,2026-07-21,14.0,0.0,0.0,0,0.0
2026-07-21,TUESDAY,94,Present,0,0.0,0.0,15,49,100.0,0,0.0,2026-07-22,15.0,0.0,0.0,0,0.0
2026-07-22,WEDNESDAY,94,Present,0,0.0,0.0,16,49,100.0,0,1.0,2026-07-23,16.0,0.0,0.0,0,0.0
2026-07-23,THURSDAY,94,Absent,1,0.0,0.0,17,49,100.0,0,0.0,2026-07-24,17.0,0.0,0.0,0,0.0
2026-07-24,FRIDAY,94,Present,0,1.0,1.0,18,49,94.44444444444444,0,0.0,2026-07-25,17.0,1.0,1.0,1,1.0
2026-07-25,SATURDAY,94,Present,0,1.0,1.0,19,49,94.73684210526315,0,0.0,2026-07-27,18.0,1.0,1.0,0,0.0
2026-07-27,MONDAY,94,Present,0,1.0,1.0,20,49,95.0,1,0.0,2026-07-28,19.0,1.0,1.0,0,0.0
2026-07-28,TUESDAY,94,Present,0,1.0,1.0,21,49,95.23809523809523,0,0.0,2026-07-29,20.0,0.0,1.0,0,0.0
2026-07-29,WEDNESDAY,94,Present,0,1.0,1.0,22,49,95.45454545454545,0,0.0,2026-07-30,21.0,0.0,1.0,0,0.0
2026-07-30,THURSDAY,94,Present,0,1.0,0.0,23,49,95.65217391304348,0,0.0,2026-07-31,22.0,0.0,1.0,0,0.0
2026-07-31,FRIDAY,94,Present,0,1.0,0.0,24,49,95.83333333333334,0,0.0,2026-08-03,23.0,0.0,1.0,1,0.0
2026-08-03,MONDAY,94,Present,0,1.0,0.0,25,49,96.0,1,0.0,2026-08-04,24.0,0.0,1.0,0,0.0
2026-08-04,TUESDAY,94,Present,0,1.0,0.0,26,49,96.15384615384616,0,0.0,2026-08-05,25.0,0.0,1.0,0,0.0
2026-08-05,WEDNESDAY,94,Present,0,1.0,0.0,27,49,96.29629629629629,0,0.0,2026-08-06,26.0,0.0,1.0,0,0.0
2026-08-06,THURSDAY,94,Present,0,1.0,0.0,28,49,96.42857142857143,0,0.0,2026-08-07,27.0,0.0,0.0,0,0.0
2026-08-07,FRIDAY,94,Present,0,1.0,0.0,29,49,96.55172413793103,0,0.0,2026-08-08,28.0,0.0,0.0,1,0.0
2026-08-08,SATURDAY,94,Present,0,1.0,0.0,30,49,96.66666666666667,0,1.0,2026-08-10,29.0,0.0,0.0,0,0.0
2026-08-10,MONDAY,94,Absent,1,1.0,0.0,31,49,96.7741935483871,1,0.0,2026-08-11,30.0,0.0,0.0,0,0.0
2026-08-11,TUESDAY,94,Present,0,2.0,1.0,32,49,93.75,0,0.0,2026-08-12,30.0,1.0,1.0,0,1.0
2026-08-12,WEDNESDAY,94,Present,0,2.0,1.0,33,49,93.93939393939394,0,0.0,2026-08-13,31.0,1.0,1.0,0,0.0
2026-08-13,THURSDAY,94,Present,0,2.0,1.0,34,49,94.11764705882352,0,0.0,2026-08-14,32.0,1.0,1.0,0,0.0
2026-08-14,FRIDAY,94,Present,0,2.0,1.0,35,49,94.28571428571428,0,0.0,2026-08-17,33.0,0.0,1.0,1,0.0
2026-08-17,MONDAY,94,Present,0,2.0,1.0,36,49,94.44444444444444,1,0.0,2026-08-18,34.0,0.0,1.0,0,0.0
2026-08-18,TUESDAY,94,Present,0,2.0,0.0,37,49,94.5945945945946,0,0.0,2026-08-19,35.0,0.0,1.0,0,0.0
2026-08-19,WEDNESDAY,94,Present,0,2.0,0.0,38,49,94.73684210526315,0,0.0,2026-08-20,36.0,0.0,1.0,0,0.0
2026-08-20,THURSDAY,94,Present,0,2.0,0.0,39,49,94.87179487179486,0,0.0,2026-08-21,37.0,0.0,1.0,0,0.0
2026-08-21,FRIDAY,94,Present,0,2.0,0.0,40,49,95.0,0,0.0,2026-08-22,38.0,0.0,1.0,1,0.0
2026-08-22,SATURDAY,94,Present,0,2.0,0.0,41,49,95.1219512195122,0,0.0,2026-08-24,39.0,0.0,1.0,0,0.0
2026-08-24,MONDAY,94,Present,0,2.0,0.0,42,49,95.23809523809523,1,0.0,2026-08-25,40.0,0.0,0.0,0,0.0
2026-08-25,TUESDAY,94,Present,0,2.0,0.0,43,49,95.34883720930233,0,0.0,2026-08-26,41.0,0.0,0.0,0,0.0
2026-08-26,WEDNESDAY,94,Present,0,2.0,0.0,44,49,95.45454545454545,0,0.0,2026-08-27,42.0,0.0,0.0,0,0.0
2026-08-27,THURSDAY,94,Present,0,2.0,0.0,45,49,95.55555555555556,0,0.0,2026-08-28,43.0,0.0,0.0,0,0.0
2026-08-28,FRIDAY,94,Present,0,2.0,0.0,46,49,95.65217391304348,0,0.0,2026-08-29,44.0,0.0,0.0,1,0.0
2026-08-29,SATURDAY,94,Present,0,2.0,0.0,47,49,95.74468085106383,0,0.0,2026-08-31,45.0,0.0,0.0,0,0.0
2026-08-31,MONDAY,94,Present,0,2.0,0.0,48,49,95.83333333333334,1,0.0,2026-09-01,46.0,0.0,0.0,0,0.0
2026-09-01,TUESDAY,94,Present,0,2.0,0.0,49,49,95.91836734693877,0,0.0,2026-09-02,47.0,0.0,0.0,0,0.0
2026-09-02,WEDNESDAY,94,Present,0,2.0,0.0,50,49,96.0,0,1.0,2026-09-03,48.0,0.0,0.0,0,0.0
2026-09-03,THURSDAY,94,Absent,1,2.0,0.0,51,49,96.07843137254902,0,,,49.0,0.0,0.0,0,0.0
2026-07-01,WEDNESDAY,96,Present,0,0.0,0.0,0,45,0.0,0,0.0,2026-07-02,0.0,0.0,0.0,0,0.0
2026-07-02,THURSDAY,96,Present,0,0.0,0.0,1,45,100.0,0,0.0,2026-07-03,1.0,0.0,0.0,0,0.0
2026-07-03,FRIDAY,96,Present,0,0.0,0.0,2,45,100.0,0,0.0,2026-07-04,2.0,0.0,0.0,1,0.0
2026-07-04,SATURDAY,96,Present,0,0.0,0.0,3,45,100.0,0,0.0,2026-07-06,3.0,0.0,0.0,0,0.0
2026-07-06,MONDAY,96,Present,0,0.0,0.0,4,45,100.0,1,0.0,2026-07-07,4.0,0.0,0.0,0,0.0
2026-07-07,TUESDAY,96,Present,0,0.0,0.0,5,45,100.0,0,0.0,2026-07-08,5.0,0.0,0.0,0,0.0
2026-07-08,WEDNESDAY,96,Present,0,0.0,0.0,6,45,100.0,0,0.0,2026-07-09,6.0,0.0,0.0,0,0.0
2026-07-09,THURSDAY,96,Present,0,0.0,0.0,7,45,100.0,0,0.0,2026-07-10,7.0,0.0,0.0,0,0.0
2026-07-10,FRIDAY,96,Present,0,0.0,0.0,8,45,100.0,0,1.0,2026-07-13,8.0,0.0,0.0,1,0.0
2026-07-13,MONDAY,96,Absent,1,0.0,0.0,9,45,100.0,1,0.0,2026-07-14,9.0,0.0,0.0,0,0.0
2026-07-14,TUESDAY,96,Present,0,1.0,1.0,10,45,90.0,0,0.0,2026-07-15,9.0,1.0,1.0,0,1.0
2026-07-15,WEDNESDAY,96,Present,0,1.0,1.0,11,45,90.9090909090909,0,1.0,2026-07-16,10.0,1.0,1.0,0,0.0
2026-07-16,THURSDAY,96,Absent,1,1.0,1.0,12,45,91.66666666666666,0,0.0,2026-07-17,11.0,1.0,1.0,0,0.0
2026-07-17,FRIDAY,96,Present,0,2.0,2.0,13,45,84.61538461538461,0,0.0,2026-07-20,11.0,1.0,2.0,1,1.0
2026-07-20,MONDAY,96,Present,0,2.0,2.0,14,45,85.71428571428571,1,0.0,2026-07-21,12.0,1.0,2.0,0,0.0
2026-07-21,TUESDAY,96,Present,0,2.0,1.0,15,45,86.66666666666667,0,0.0,2026-07-22,13.0,1.0,2.0,0,0.0
2026-07-22,WEDNESDAY,96,Present,0,2.0,1.0,16,45,87.5,0,0.0,2026-07-23,14.0,0.0,2.0,0,0.0
2026-07-23,THURSDAY,96,Present,0,2.0,1.0,17,45,88.23529411764706,0,0.0,2026-07-24,15.0,0.0,2.0,0,0.0
2026-07-24,FRIDAY,96,Present,0,2.0,0.0,18,45,88.88888888888889,0,0.0,2026-07-25,16.0,0.0,2.0,1,0.0
2026-07-25,SATURDAY,96,Present,0,2.0,0.0,19,45,89.47368421052632,0,1.0,2026-07-27,17.0,0.0,2.0,0,0.0
2026-07-27,MONDAY,96,Absent,1,2.0,0.0,20,45,90.0,1,1.0,2026-07-28,18.0,0.0,1.0,0,0.0
2026-07-28,TUESDAY,96,Absent,1,3.0,1.0,21,45,85.71428571428571,0,0.0,2026-07-29,18.0,1.0,2.0,0,1.0
2026-07-29,WEDNESDAY,96,Present,0,4.0,2.0,22,45,81.81818181818183,0,0.0,2026-07-30,18.0,2.0,3.0,0,1.0
2026-07-30,THURSDAY,96,Present,0,4.0,2.0,23,45,82.6086956521739,0,0.0,2026-07-31,19.0,2.0,2.0,0,0.0
2026-07-31,FRIDAY,96,Present,0,4.0,2.0,24,45,83.33333333333334,0,1.0,2026-08-03,20.0,1.0,2.0,1,0.0
2026-08-03,MONDAY,96,Absent,1,4.0,2.0,25,45,84.0,1,0.0,2026-08-04,21.0,0.0,2.0,0,0.0
2026-08-04,TUESDAY,96,Present,0,5.0,2.0,26,45,80.76923076923077,0,1.0,2026-08-05,21.0,1.0,3.0,0,1.0
2026-08-05,WEDNESDAY,96,Absent,1,5.0,1.0,27,45,81.48148148148148,0,0.0,2026-08-06,22.0,1.0,3.0,0,0.0
2026-08-06,THURSDAY,96,Present,0,6.0,2.0,28,45,78.57142857142857,0,0.0,2026-08-07,22.0,2.0,4.0,0,1.0
2026-08-07,FRIDAY,96,Present,0,6.0,2.0,29,45,79.3103448275862,0,0.0,2026-08-08,23.0,1.0,4.0,1,0.0
2026-08-08,SATURDAY,96,Present,0,6.0,2.0,30,45,80.0,0,0.0,2026-08-10,24.0,1.0,4.0,0,0.0
2026-08-10,MONDAY,96,Present,0,6.0,1.0,31,45,80.64516129032258,1,0.0,2026-08-11,25.0,0.0,3.0,0,0.0
2026-08-11,TUESDAY,96,Present,0,6.0,1.0,32,45,81.25,0,0.0,2026-08-12,26.0,0.0,2.0,0,0.0
2026-08-12,WEDNESDAY,96,Present,0,6.0,0.0,33,45,81.81818181818183,0,0.0,2026-08-13,27.0,0.0,2.0,0,0.0
2026-08-13,THURSDAY,96,Present,0,6.0,0.0,34,45,82.35294117647058,0,0.0,2026-08-14,28.0,0.0,2.0,0,0.0
2026-08-14,FRIDAY,96,Present,0,6.0,0.0,35,45,82.85714285714286,0,0.0,2026-08-17,29.0,0.0,2.0,1,0.0
2026-08-17,MONDAY,96,Present,0,6.0,0.0,36,45,83.33333333333334,1,0.0,2026-08-18,30.0,0.0,1.0,0,0.0
2026-08-18,TUESDAY,96,Present,0,6.0,0.0,37,45,83.78378378378379,0,0.0,2026-08-19,31.0,0.0,1.0,0,0.0
2026-08-19,WEDNESDAY,96,Present,0,6.0,0.0,38,45,84.21052631578947,0,0.0,2026-08-20,32.0,0.0,0.0,0,0.0
2026-08-20,THURSDAY,96,Present,0,6.0,0.0,39,45,84.61538461538461,0,0.0,2026-08-21,33.0,0.0,0.0,0,0.0
2026-08-21,FRIDAY,96,Present,0,6.0,0.0,40,45,85.0,0,0.0,2026-08-22,34.0,0.0,0.0,1,0.0
2026-08-22,SATURDAY,96,Present,0,6.0,0.0,41,45,85.36585365853658,0,0.0,2026-08-24,35.0,0.0,0.0,0,0.0
2026-08-24,MONDAY,96,Present,0,6.0,0.0,42,45,85.71428571428571,1,0.0,2026-08-25,36.0,0.0,0.0,0,0.0
2026-08-25,TUESDAY,96,Present,0,6.0,0.0,43,45,86.04651162790698,0,0.0,2026-08-26,37.0,0.0,0.0,0,0.0
2026-08-26,WEDNESDAY,96,Present,0,6.0,0.0,44,45,86.36363636363636,0,0.0,2026-08-27,38.0,0.0,0.0,0,0.0
2026-08-27,THURSDAY,96,Present,0,6.0,0.0,45,45,86.66666666666667,0,0.0,2026-08-28,39.0,0.0,0.0,0,0.0
2026-08-28,FRIDAY,96,Present,0,6.0,0.0,46,45,86.95652173913044,0,0.0,2026-08-29,40.0,0.0,0.0,1,0.0
2026-08-29,SATURDAY,96,Present,0,6.0,0.0,47,45,87.2340425531915,0,0.0,2026-08-31,41.0,0.0,0.0,0,0.0
2026-08-31,MONDAY,96,Present,0,6.0,0.0,48,45,87.5,1,0.0,2026-09-01,42.0,0.0,0.0,0,0.0
2026-09-01,TUESDAY,96,Present,0,6.0,0.0,49,45,87.75510204081633,0,0.0,2026-09-02,43.0,0.0,0.0,0,0.0
2026-09-02,WEDNESDAY,96,Present,0,6.0,0.0,50,45,88.0,0,0.0,2026-09-03,44.0,0.0,0.0,0,0.0
2026-09-03,THURSDAY,96,Present,0,6.0,0.0,51,45,88.23529411764706,0,,,45.0,0.0,0.0,0,0.0
2026-07-01,WEDNESDAY,97,Present,0,0.0,0.0,0,48,0.0,0,0.0,2026-07-02,0.0,0.0,0.0,0,0.0
2026-07-02,THURSDAY,97,Present,0,0.0,0.0,1,48,100.0,0,0.0,2026-07-03,1.0,0.0,0.0,0,0.0
2026-07-03,FRIDAY,97,Present,0,0.0,0.0,2,48,100.0,0,0.0,2026-07-04,2.0,0.0,0.0,1,0.0
2026-07-04,SATURDAY,97,Present,0,0.0,0.0,3,48,100.0,0,0.0,2026-07-06,3.0,0.0,0.0,0,0.0
2026-07-06,MONDAY,97,Present,0,0.0,0.0,4,48,100.0,1,0.0,2026-07-07,4.0,0.0,0.0,0,0.0
2026-07-07,TUESDAY,97,Present,0,0.0,0.0,5,48,100.0,0,0.0,2026-07-08,5.0,0.0,0.0,0,0.0
2026-07-08,WEDNESDAY,97,Present,0,0.0,0.0,6,48,100.0,0,0.0,2026-07-09,6.0,0.0,0.0,0,0.0
2026-07-09,THURSDAY,97,Present,0,0.0,0.0,7,48,100.0,0,0.0,2026-07-10,7.0,0.0,0.0,0,0.0
2026-07-10,FRIDAY,97,Present,0,0.0,0.0,8,48,100.0,0,0.0,2026-07-13,8.0,0.0,0.0,1,0.0
2026-07-13,MONDAY,97,Present,0,0.0,0.0,9,48,100.0,1,1.0,2026-07-14,9.0,0.0,0.0,0,0.0
2026-07-14,TUESDAY,97,Absent,1,0.0,0.0,10,48,100.0,0,0.0,2026-07-15,10.0,0.0,0.0,0,0.0
2026-07-15,WEDNESDAY,97,Present,0,1.0,1.0,11,48,90.9090909090909,0,0.0,2026-07-16,10.0,1.0,1.0,0,1.0
2026-07-16,THURSDAY,97,Present,0,1.0,1.0,12,48,91.66666666666666,0,0.0,2026-07-17,11.0,1.0,1.0,0,0.0
2026-07-17,FRIDAY,97,Present,0,1.0,1.0,13,48,92.3076923076923,0,0.0,2026-07-20,12.0,1.0,1.0,1,0.0
2026-07-20,MONDAY,97,Present,0,1.0,1.0,14,48,92.85714285714286,1,0.0,2026-07-21,13.0,0.0,1.0,0,0.0
2026-07-21,TUESDAY,97,Present,0,1.0,1.0,15,48,93.33333333333333,0,0.0,2026-07-22,14.0,0.0,1.0,0,0.0
2026-07-22,WEDNESDAY,97,Present,0,1.0,0.0,16,48,93.75,0,0.0,2026-07-23,15.0,0.0,1.0,0,0.0
2026-07-23,THURSDAY,97,Present,0,1.0,0.0,17,48,94.11764705882352,0,0.0,2026-07-24,16.0,0.0,1.0,0,0.0
2026-07-24,FRIDAY,97,Present,0,1.0,0.0,18,48,94.44444444444444,0,0.0,2026-07-25,17.0,0.0,1.0,1,0.0
2026-07-25,SATURDAY,97,Present,0,1.0,0.0,19,48,94.73684210526315,0,0.0,2026-07-27,18.0,0.0,1.0,0,0.0
2026-07-27,MONDAY,97,Present,0,1.0,0.0,20,48,95.0,1,0.0,2026-07-28,19.0,0.0,1.0,0,0.0
2026-07-28,TUESDAY,97,Present,0,1.0,0.0,21,48,95.23809523809523,0,0.0,2026-07-29,20.0,0.0,0.0,0,0.0
2026-07-29,WEDNESDAY,97,Present,0,1.0,0.0,22,48,95.45454545454545,0,0.0,2026-07-30,21.0,0.0,0.0,0,0.0
2026-07-30,THURSDAY,97,Present,0,1.0,0.0,23,48,95.65217391304348,0,0.0,2026-07-31,22.0,0.0,0.0,0,0.0
2026-07-31,FRIDAY,97,Present,0,1.0,0.0,24,48,95.83333333333334,0,0.0,2026-08-03,23.0,0.0,0.0,1,0.0
2026-08-03,MONDAY,97,Present,0,1.0,0.0,25,48,96.0,1,0.0,2026-08-04,24.0,0.0,0.0,0,0.0
2026-08-04,TUESDAY,97,Present,0,1.0,0.0,26,48,96.15384615384616,0,0.0,2026-08-05,25.0,0.0,0.0,0,0.0
2026-08-05,WEDNESDAY,97,Present,0,1.0,0.0,27,48,96.29629629629629,0,0.0,2026-08-06,26.0,0.0,0.0,0,0.0
2026-08-06,THURSDAY,97,Present,0,1.0,0.0,28,48,96.42857142857143,0,0.0,2026-08-07,27.0,0.0,0.0,0,0.0
2026-08-07,FRIDAY,97,Present,0,1.0,0.0,29,48,96.55172413793103,0,0.0,2026-08-08,28.0,0.0,0.0,1,0.0
2026-08-08,SATURDAY,97,Present,0,1.0,0.0,30,48,96.66666666666667,0,0.0,2026-08-10,29.0,0.0,0.0,0,0.0
2026-08-10,MONDAY,97,Present,0,1.0,0.0,31,48,96.7741935483871,1,0.0,2026-08-11,30.0,0.0,0.0,0,0.0
2026-08-11,TUESDAY,97,Present,0,1.0,0.0,32,48,96.875,0,0.0,2026-08-12,31.0,0.0,0.0,0,0.0
2026-08-12,WEDNESDAY,97,Present,0,1.0,0.0,33,48,96.96969696969697,0,0.0,2026-08-13,32.0,0.0,0.0,0,0.0
2026-08-13,THURSDAY,97,Present,0,1.0,0.0,34,48,97.05882352941177,0,0.0,2026-08-14,33.0,0.0,0.0,0,0.0
2026-08-14,FRIDAY,97,Present,0,1.0,0.0,35,48,97.14285714285714,0,0.0,2026-08-17,34.0,0.0,0.0,1,0.0
2026-08-17,MONDAY,97,Present,0,1.0,0.0,36,48,97.22222222222221,1,0.0,2026-08-18,35.0,0.0,0.0,0,0.0
2026-08-18,TUESDAY,97,Present,0,1.0,0.0,37,48,97.2972972972973,0,0.0,2026-08-19,36.0,0.0,0.0,0,0.0
2026-08-19,WEDNESDAY,97,Present,0,1.0,0.0,38,48,97.36842105263158,0,0.0,2026-08-20,37.0,0.0,0.0,0,0.0
2026-08-20,THURSDAY,97,Present,0,1.0,0.0,39,48,97.43589743589743,0,0.0,2026-08-21,38.0,0.0,0.0,0,0.0
2026-08-21,FRIDAY,97,Present,0,1.0,0.0,40,48,97.5,0,0.0,2026-08-22,39.0,0.0,0.0,1,0.0
2026-08-22,SATURDAY,97,Present,0,1.0,0.0,41,48,97.5609756097561,0,1.0,2026-08-24,40.0,0.0,0.0,0,0.0
2026-08-24,MONDAY,97,Absent,1,1.0,0.0,42,48,97.61904761904762,1,0.0,2026-08-25,41.0,0.0,0.0,0,0.0
2026-08-25,TUESDAY,97,Present,0,2.0,1.0,43,48,95.34883720930233,0,0.0,2026-08-26,41.0,1.0,1.0,0,1.0
2026-08-26,WEDNESDAY,97,Present,0,2.0,1.0,44,48,95.45454545454545,0,0.0,2026-08-27,42.0,1.0,1.0,0,0.0
2026-08-27,THURSDAY,97,Present,0,2.0,1.0,45,48,95.55555555555556,0,0.0,2026-08-28,43.0,1.0,1.0,0,0.0
2026-08-28,FRIDAY,97,Present,0,2.0,1.0,46,48,95.65217391304348,0,0.0,2026-08-29,44.0,0.0,1.0,1,0.0
2026-08-29,SATURDAY,97,Present,0,2.0,1.0,47,48,95.74468085106383,0,1.0,2026-08-31,45.0,0.0,1.0,0,0.0
2026-08-31,MONDAY,97,Absent,1,2.0,0.0,48,48,95.83333333333334,1,0.0,2026-09-01,46.0,0.0,1.0,0,0.0
2026-09-01,TUESDAY,97,Present,0,3.0,1.0,49,48,93.87755102040816,0,0.0,2026-09-02,46.0,1.0,2.0,0,1.0
2026-09-02,WEDNESDAY,97,Present,0,3.0,1.0,50,48,94.0,0,0.0,2026-09-03,47.0,1.0,2.0,0,0.0
2026-09-03,THURSDAY,97,Present,0,3.0,1.0,51,48,94.11764705882352,0,,,48.0,1.0,2.0,0,0.0
2026-07-01,WEDNESDAY,98,Present,0,0.0,0.0,0,45,0.0,0,0.0,2026-07-02,0.0,0.0,0.0,0,0.0
2026-07-02,THURSDAY,98,Present,0,0.0,0.0,1,45,100.0,0,0.0,2026-07-03,1.0,0.0,0.0,0,0.0
2026-07-03,FRIDAY,98,Present,0,0.0,0.0,2,45,100.0,0,1.0,2026-07-04,2.0,0.0,0.0,1,0.0
2026-07-04,SATURDAY,98,Absent,1,0.0,0.0,3,45,100.0,0,0.0,2026-07-06,3.0,0.0,0.0,0,0.0
2026-07-06,MONDAY,98,Present,0,1.0,1.0,4,45,75.0,1,0.0,2026-07-07,3.0,1.0,1.0,0,1.0
2026-07-07,TUESDAY,98,Present,0,1.0,1.0,5,45,80.0,0,0.0,2026-07-08,4.0,1.0,1.0,0,0.0
2026-07-08,WEDNESDAY,98,Present,0,1.0,1.0,6,45,83.33333333333334,0,0.0,2026-07-09,5.0,1.0,1.0,0,0.0
2026-07-09,THURSDAY,98,Present,0,1.0,1.0,7,45,85.71428571428571,0,0.0,2026-07-10,6.0,0.0,1.0,0,0.0
2026-07-10,FRIDAY,98,Present,0,1.0,1.0,8,45,87.5,0,0.0,2026-07-13,7.0,0.0,1.0,1,0.0
2026-07-13,MONDAY,98,Present,0,1.0,0.0,9,45,88.88888888888889,1,0.0,2026-07-14,8.0,0.0,1.0,0,0.0
2026-07-14,TUESDAY,98,Present,0,1.0,0.0,10,45,90.0,0,0.0,2026-07-15,9.0,0.0,1.0,0,0.0
2026-07-15,WEDNESDAY,98,Present,0,1.0,0.0,11,45,90.9090909090909,0,1.0,2026-07-16,10.0,0.0,1.0,0,0.0
2026-07-16,THURSDAY,98,Absent,1,1.0,0.0,12,45,91.66666666666666,0,0.0,2026-07-17,11.0,0.0,1.0,0,0.0
2026-07-17,FRIDAY,98,Present,0,2.0,1.0,13,45,84.61538461538461,0,0.0,2026-07-20,11.0,1.0,2.0,1,1.0
2026-07-20,MONDAY,98,Present,0,2.0,1.0,14,45,85.71428571428571,1,0.0,2026-07-21,12.0,1.0,1.0,0,0.0
2026-07-21,TUESDAY,98,Present,0,2.0,1.0,15,45,86.66666666666667,0,0.0,2026-07-22,13.0,1.0,1.0,0,0.0
2026-07-22,WEDNESDAY,98,Present,0,2.0,1.0,16,45,87.5,0,0.0,2026-07-23,14.0,0.0,1.0,0,0.0
2026-07-23,THURSDAY,98,Present,0,2.0,1.0,17,45,88.23529411764706,0,0.0,2026-07-24,15.0,0.0,1.0,0,0.0
2026-07-24,FRIDAY,98,Present,0,2.0,0.0,18,45,88.88888888888889,0,0.0,2026-07-25,16.0,0.0,1.0,1,0.0
2026-07-25,SATURDAY,98,Present,0,2.0,0.0,19,45,89.47368421052632,0,0.0,2026-07-27,17.0,0.0,1.0,0,0.0
2026-07-27,MONDAY,98,Present,0,2.0,0.0,20,45,90.0,1,0.0,2026-07-28,18.0,0.0,1.0,0,0.0
2026-07-28,TUESDAY,98,Present,0,2.0,0.0,21,45,90.47619047619048,0,0.0,2026-07-29,19.0,0.0,1.0,0,0.0
2026-07-29,WEDNESDAY,98,Present,0,2.0,0.0,22,45,90.9090909090909,0,0.0,2026-07-30,20.0,0.0,1.0,0,0.0
2026-07-30,THURSDAY,98,Present,0,2.0,0.0,23,45,91.30434782608695,0,0.0,2026-07-31,21.0,0.0,0.0,0,0.0
2026-07-31,FRIDAY,98,Present,0,2.0,0.0,24,45,91.66666666666666,0,1.0,2026-08-03,22.0,0.0,0.0,1,0.0
2026-08-03,MONDAY,98,Absent,1,2.0,0.0,25,45,92.0,1,0.0,2026-08-04,23.0,0.0,0.0,0,0.0
2026-08-04,TUESDAY,98,Present,0,3.0,1.0,26,45,88.46153846153845,0,0.0,2026-08-05,23.0,1.0,1.0,0,1.0
2026-08-05,WEDNESDAY,98,Present,0,3.0,1.0,27,45,88.88888888888889,0,0.0,2026-08-06,24.0,1.0,1.0,0,0.0
2026-08-06,THURSDAY,98,Present,0,3.0,1.0,28,45,89.28571428571429,0,1.0,2026-08-07,25.0,1.0,1.0,0,0.0
2026-08-07,FRIDAY,98,Absent,1,3.0,1.0,29,45,89.65517241379311,0,0.0,2026-08-08,26.0,0.0,1.0,1,0.0
2026-08-08,SATURDAY,98,Present,0,4.0,2.0,30,45,86.66666666666667,0,0.0,2026-08-10,26.0,1.0,2.0,0,1.0
2026-08-10,MONDAY,98,Present,0,4.0,1.0,31,45,87.09677419354838,1,0.0,2026-08-11,27.0,1.0,2.0,0,0.0
2026-08-11,TUESDAY,98,Present,0,4.0,1.0,32,45,87.5,0,0.0,2026-08-12,28.0,1.0,2.0,0,0.0
2026-08-12,WEDNESDAY,98,Present,0,4.0,1.0,33,45,87.87878787878788,0,0.0,2026-08-13,29.0,0.0,2.0,0,0.0
2026-08-13,THURSDAY,98,Present,0,4.0,1.0,34,45,88.23529411764706,0,1.0,2026-08-14,30.0,0.0,2.0,0,0.0
2026-08-14,FRIDAY,98,Absent,1,4.0,0.0,35,45,88.57142857142857,0,0.0,2026-08-17,31.0,0.0,2.0,1,0.0
2026-08-17,MONDAY,98,Present,0,5.0,1.0,36,45,86.11111111111111,1,0.0,2026-08-18,31.0,1.0,2.0,0,1.0
2026-08-18,TUESDAY,98,Present,0,5.0,1.0,37,45,86.48648648648648,0,0.0,2026-08-19,32.0,1.0,2.0,0,0.0
2026-08-19,WEDNESDAY,98,Present,0,5.0,1.0,38,45,86.8421052631579,0,0.0,2026-08-20,33.0,1.0,2.0,0,0.0
2026-08-20,THURSDAY,98,Present,0,5.0,1.0,39,45,87.17948717948718,0,0.0,2026-08-21,34.0,0.0,2.0,0,0.0
2026-08-21,FRIDAY,98,Present,0,5.0,1.0,40,45,87.5,0,0.0,2026-08-22,35.0,0.0,1.0,1,0.0
2026-08-22,SATURDAY,98,Present,0,5.0,0.0,41,45,87.8048780487805,0,0.0,2026-08-24,36.0,0.0,1.0,0,0.0
2026-08-24,MONDAY,98,Present,0,5.0,0.0,42,45,88.09523809523809,1,1.0,2026-08-25,37.0,0.0,1.0,0,0.0
2026-08-25,TUESDAY,98,Absent,1,5.0,0.0,43,45,88.37209302325581,0,0.0,2026-08-26,38.0,0.0,1.0,0,0.0
2026-08-26,WEDNESDAY,98,Present,0,6.0,1.0,44,45,86.36363636363636,0,0.0,2026-08-27,38.0,1.0,2.0,0,1.0
2026-08-27,THURSDAY,98,Present,0,6.0,1.0,45,45,86.66666666666667,0,0.0,2026-08-28,39.0,1.0,2.0,0,0.0
2026-08-28,FRIDAY,98,Present,0,6.0,1.0,46,45,86.95652173913044,0,0.0,2026-08-29,40.0,1.0,1.0,1,0.0
2026-08-29,SATURDAY,98,Present,0,6.0,1.0,47,45,87.2340425531915,0,0.0,2026-08-31,41.0,0.0,1.0,0,0.0
2026-08-31,MONDAY,98,Present,0,6.0,1.0,48,45,87.5,1,0.0,2026-09-01,42.0,0.0,1.0,0,0.0
2026-09-01,TUESDAY,98,Present,0,6.0,0.0,49,45,87.75510204081633,0,0.0,2026-09-02,43.0,0.0,1.0,0,0.0
2026-09-02,WEDNESDAY,98,Present,0,6.0,0.0,50,45,88.0,0,0.0,2026-09-03,44.0,0.0,1.0,0,0.0
2026-09-03,THURSDAY,98,Present,0,6.0,0.0,51,45,88.23529411764706,0,,,45.0,0.0,1.0,0,0.0
